都道府県,市区町村,人口,重心緯度,重心経度,最寄り店舗距離_km,最寄り店舗名
青森県,青森市,275192.0,40.788100054,140.77390133504863,1.404,ツルハドラッグ 青森浜田店
青森県,弘前市,168466.0,40.614486446,140.39462673220115,2.506,ツルハドラッグ 弘前岩木店
青森県,八戸市,223415.0,40.475495667,141.4902372997925,2.461,サンドラッグ 八戸青葉店
青森県,黒石市,31946.0,40.6134351935,140.72354670635934,10.728,ハッピー・ドラッグ 黒石北美店
青森県,五所川原市,51415.0,40.862672865,140.49600844738177,6.107,ハッピー・ドラッグ 五所川原金木店
青森県,十和田市,60378.0,40.561388081,141.0811152250295,10.356,薬王堂 十和田三本木店
青森県,三沢市,39152.0,40.7738073195,141.38358831523402,9.158,薬王堂 岡三沢店
青森県,むつ市,54103.0,41.2915720855,141.04977900432192,9.966,ツルハドラッグ むつ大平店
青森県,つがる市,30934.0,40.8845937655,140.3542400126486,3.11,薬王堂 つがる稲垣店
青森県,平川市,30567.0,40.516727545,140.77629444239562,16.699,薬王堂 青森大鰐店
青森県,平内町,10126.0,40.908620419,140.96727806536336,1.944,ツルハドラッグ 平内店
青森県,今別町,2334.0,41.16614586,140.5093934272195,16.065,薬王堂 青森中泊店
青森県,蓬田村,2540.0,40.992273419,140.59108791326474,6.993,ハッピー・ドラッグ 青森蟹田店
青森県,外ヶ浜町,5401.0,41.119306887,140.59187415686463,8.935,ハッピー・ドラッグ 青森蟹田店
青森県,鰺ヶ沢町,9044.0,40.6177296125,140.15230839351415,18.118,ハッピー・ドラッグ 青森深浦店
青森県,深浦町,7346.0,40.594541194,139.98328231165084,7.232,ハッピー・ドラッグ 青森深浦店
青森県,西目屋村,1265.0,40.5236781665,140.21950339788424,17.389,薬王堂 弘前相馬店
青森県,藤崎町,14573.0,40.681547581,140.51561176417917,1.806,薬王堂 青森常盤店
青森県,大鰐町,8665.0,40.473517279,140.51679853623406,6.95,ハッピー・ドラッグ 青森大鰐店
青森県,田舎館村,7326.0,40.6448398065,140.54349480718116,2.948,薬王堂 青森常盤店
青森県,板柳町,12700.0,40.713028554,140.4777248936573,2.033,ツルハドラッグ 板柳店
青森県,鶴田町,12074.0,40.755919234,140.42740749046544,0.207,薬王堂 青森鶴田店
青森県,中泊町,9657.0,41.012297527,140.441914919207,4.163,薬王堂 青森中泊店
青森県,野辺地町,12374.0,40.9012048335,141.19928393694693,7.405,ツルハドラッグ 野辺地店
青森県,七戸町,14556.0,40.724838694,141.0703441311545,8.269,薬王堂 青森天間林店
青森県,六戸町,10447.0,40.6317889595,141.30788980438336,2.631,薬王堂 青森六戸店
青森県,横浜町,4229.0,41.063465027,141.29328200360544,13.23,薬王堂 青森六ヶ所店
青森県,東北町,16428.0,40.7979713335,141.24688809381576,3.169,薬王堂 青森乙供店
青森県,六ヶ所村,10367.0,40.9820495945,141.3247749845193,3.85,薬王堂 青森六ヶ所店
青森県,おいらせ町,24273.0,40.6274888335,141.3999362712646,2.935,薬王堂 おいらせ上久保店
青森県,大間町,4718.0,41.483785153,140.92836081792456,4.469,ハッピー・ドラッグ 青森大間店
青森県,東通村,5955.0,41.2687158465,141.33252268079903,9.816,薬王堂 むつ横迎町店
青森県,風間浦村,1636.0,41.4751962525,141.01820854342785,9.982,薬王堂 青森大間店
青森県,佐井村,1788.0,41.339394608000006,140.84721207688852,20.876,ハッピー・ドラッグ 青森大間店
青森県,三戸町,9082.0,40.363294387,141.22969016008489,1.541,薬王堂 青森三戸店
青森県,五戸町,16042.0,40.5030704275,141.27837972216173,3.181,薬王堂 青森五戸店
青森県,田子町,4968.0,40.3070452205,141.05833814607877,15.91,ドラッグふじや
青森県,南部町,16809.0,40.417606365,141.3147011116526,2.742,薬王堂 青森南部町店
青森県,階上町,13496.0,40.419049581,141.56771140747497,5.7,ハッピー・ドラッグ 青森階上店
青森県,新郷村,2197.0,40.4497868875,141.11708437044527,13.673,ツルハドラッグ 三戸店
岩手県,盛岡市,289731.0,39.7469504865,141.25935505678504,8.436,薬王堂 盛岡三ツ割店
岩手県,宮古市,50369.0,39.635006356000005,141.6533506904584,22.028,ツルハドラッグ 宮古千徳店
岩手県,大船渡市,34728.0,39.0943781215,141.72172563306356,0.688,薬王堂 大船渡店
岩手県,花巻市,93193.0,39.418715752,141.11900179041712,0.791,薬王堂花巻西宮野目店
岩手県,北上市,93045.0,39.3278290855,140.9720775520937,5.872,薬王堂 北上和賀店
岩手県,久慈市,33043.0,40.1517765675,141.67272188249447,8.198,薬王堂 久慈西の沢店
岩手県,遠野市,25366.0,39.375297667,141.47919217854582,5.881,ドラッグストア マツモトキヨシ 遠野店
岩手県,一関市,111932.0,38.954842365000005,141.30593565209938,4.83,薬王堂 一関大東店
岩手県,陸前高田市,18262.0,39.032250166500006,141.5746297726765,3.728,薬王堂 高田滝の里店
岩手県,釜石市,32078.0,39.290098973,141.79925010330214,4.113,薬王堂 釜石店
岩手県,二戸市,25513.0,40.2307574595,141.1488686208445,5.145,ドラッグふじや
岩手県,八幡平市,24023.0,40.0437277205,140.99495165566935,13.381,薬王堂 西根平舘店
岩手県,奥州市,112937.0,39.1519430675,141.2203952024131,3.743,薬王堂 江刺愛宕店
岩手県,滝沢市,55579.0,39.7845824325,141.0847100751808,3.963,カワチ薬品 巣子店
岩手県,岩手郡雫石町,15731.0,39.701984739,140.91981943359335,4.872,薬王堂 岩手雫石店
岩手県,岩手郡葛巻町,5634.0,40.0138479595,141.42594468882083,3.322,薬王堂 岩手葛巻店
岩手県,岩手郡岩手町,12285.0,39.9573687255,141.25465210370209,3.257,薬王堂 沼宮内北店
岩手県,紫波郡紫波町,32147.0,39.545372086,141.13056559063455,2.864,薬王堂 紫波桜町店
岩手県,紫波郡矢巾町,28056.0,39.610427446,141.12224589305524,2.264,㈱薬王堂 岩手ドライセンター
岩手県,和賀郡西和賀町,5134.0,39.384612698,140.7609094535,6.924,薬王堂 岩手西和賀店
岩手県,胆沢郡金ケ崎町,15535.0,39.1944587525,141.02434776361315,6.108,薬王堂 岩手金ケ崎店
岩手県,西磐井郡平泉町,7252.0,38.989137559,141.1010178084157,1.633,薬王堂 岩手平泉店
岩手県,気仙郡住田町,5045.0,39.1812085725,141.53606967932484,5.218,薬王堂 岩手住田店
岩手県,上閉伊郡大槌町,11004.0,39.4364923875,141.79115935942554,12.465,ツルハドラッグ 大槌店
岩手県,下閉伊郡山田町,14320.0,39.481195527,141.8910909820365,5.349,ツルハドラッグ 岩手山田店
岩手県,下閉伊郡岩泉町,8726.0,39.8623936805,141.68840254676326,8.748,ツルハドラッグ 岩泉店
岩手県,下閉伊郡田野畑村,3059.0,39.923705766,141.86088949265886,2.854,特定非営利活動法人ハックの家
岩手県,下閉伊郡普代村,2487.0,40.008643018,141.85942048315616,9.757,特定非営利活動法人ハックの家
岩手県,九戸郡軽米町,8421.0,40.299032,141.47113197349756,2.549,薬王堂 岩手軽米店
岩手県,九戸郡野田村,3936.0,40.074516162,141.78354779698185,5.34,薬王堂 岩手野田店
岩手県,九戸郡九戸村,5378.0,40.1918437745,141.4372778350539,3.808,薬王堂 岩手九戸店
岩手県,九戸郡洋野町,15091.0,40.3320822385,141.6775236044252,9.34,薬王堂 岩手洋野店
岩手県,二戸郡一戸町,11494.0,40.141324031500005,141.2621749668424,7.966,薬王堂 岩手一戸店
宮城県,仙台市青葉区,311590.0,38.3454653335,140.6561362298596,11.114,薬王堂 仙台愛子店
宮城県,仙台市宮城野区,196732.0,38.2852689865,140.93179021939142,0.524,ツルハドラッグ 仙台新田東店
宮城県,仙台市若林区,141475.0,38.217803752,140.9486404089285,1.513,ドラッグストアモリ六郷店
宮城県,仙台市太白区,234758.0,38.2760970675,140.587393752674,11.062,薬王堂 宮城川崎店
宮城県,仙台市泉区,212149.0,38.3606628335,140.77933086697954,3.934,薬王堂 仙台泉紫山店
宮城県,石巻市,140151.0,38.4519216665,141.32405199274228,1.804,ドラッグストアモリ 石巻中里店
宮城県,塩竈市,52203.0,38.3260400315,141.02276577204583,0.498,ツルハドラッグ 塩釜店
宮城県,気仙沼市,61147.0,38.871196707,141.52068571103814,3.782,ツルハドラッグ 気仙沼上田中店
宮城県,白石市,32758.0,37.9981259865,140.60432522232884,0.633,薬王堂 白石店
宮城県,名取市,78718.0,38.164452392,140.87574934942734,0.445,ツルハドラッグ 名取手倉田店
宮城県,角田市,27976.0,37.99468722100001,140.7676480155896,1.76,ツルハドラッグ 角田店
宮城県,多賀城市,62827.0,38.2953308605,140.99888567167116,0.643,ドラッグストア マツモトキヨシ 多賀城城南店
宮城県,岩沼市,44068.0,38.097528081,140.87750752933454,0.607,ツルハドラッグ 岩沼南店
宮城県,登米市,76037.0,38.685309766,141.21934320808683,0.918,薬王堂 登米迫森店
宮城県,栗原市,64637.0,38.7958959145,140.94585680531569,4.529,薬王堂 栗駒SC店
宮城県,東松島市,39098.0,38.4129425405,141.17906018846583,1.789,薬王堂 東松島鳴瀬店
宮城県,大崎市,127330.0,38.682569779000005,140.87454458646533,4.412,ツルハドラッグ 宮城岩出山店
宮城県,富谷市,51651.0,38.3823246215,140.9023682250796,2.01,薬王堂 富谷成田店
宮城県,蔵王町,11418.0,38.0920830135,140.6160483811691,3.515,ツルハドラッグ 宮城蔵王店
宮城県,七ヶ宿町,1262.0,38.038343919,140.38601302102813,14.618,ドラッグヤマザワ 上山金生店
宮城県,大河原町,23571.0,38.049565081,140.71386621504143,0.57,カワチ薬品 大河原店
宮城県,村田町,10666.0,38.1197132655,140.73220546982753,1.234,薬王堂 宮城村田店
宮城県,柴田町,38271.0,38.0884716935,140.79386840182525,0.977,薬王堂 柴田槻木店
宮城県,川崎町,8345.0,38.200567081,140.60916889809704,2.969,薬王堂 宮城川崎店
宮城県,丸森町,12262.0,37.870213081,140.7721014566742,4.553,薬王堂 宮城丸森店
宮城県,亘理町,33087.0,38.042372081,140.87501359470147,0.131,ツルハドラッグ 亘理店
宮城県,山元町,12046.0,37.945946986500005,140.88563029750264,2.331,薬王堂 山元SC店
宮城県,松島町,13323.0,38.4000847385,141.07177608761555,1.359,ツルハドラッグ 松島店
宮城県,七ヶ浜町,18132.0,38.2991454325,141.06163573404206,0.644,ドラッグヤマザワ汐見台店
宮城県,利府町,35182.0,38.3415474685,140.97446857436324,0.792,ウエルシア利府青山店
宮城県,大和町,28786.0,38.4217298195,140.80561971119124,6.761,薬王堂 宮城大富店
宮城県,大郷町,7813.0,38.4343195,141.0175081110029,2.244,薬王堂 宮城大郷店
宮城県,大衡村,5849.0,38.478407302,140.8701609493105,4.592,ドラッグヤマザワ吉岡店
宮城県,色麻町,6698.0,38.510155,140.78697858843947,7.105,薬王堂 加美小野田店
宮城県,加美町,21943.0,38.5816358335,140.7242041036546,6.134,薬王堂 加美小野田店
宮城県,涌谷町,15388.0,38.5570993875,141.16426523348446,4.125,薬王堂 宮城涌谷店
宮城県,美里町,23994.0,38.515548653,141.1159990915503,2.394,ツルハドラッグ 涌谷店
宮城県,女川町,6430.0,38.4386080945,141.428955190804,1.2,ツルハドラッグ 宮城女川店
宮城県,南三陸町,12225.0,38.673292892,141.4149546762652,2.536,薬王堂 宮城志津川店
秋田県,秋田市,307672.0,39.656944973,140.18603105075056,1.96,ツルハドラッグ 秋田御所野店
秋田県,能代市,49968.0,40.210992234,140.1392703435747,5.719,ツルハドラッグ 東能代店
秋田県,横手市,85555.0,39.2510925,140.58961347953868,5.376,薬王堂 十文字梨木店
秋田県,大館市,69237.0,40.267672288,140.56831886051407,0.603,サンドラッグ 大館東台店
秋田県,男鹿市,25154.0,39.964887054,139.87833977592896,6.284,ツルハドラッグ 男鹿払戸店
秋田県,湯沢市,42091.0,39.045738338,140.52473646864422,6.067,薬王堂 湯沢雄勝店
秋田県,鹿角市,29088.0,40.1950261665,140.81008763681496,1.569,ツルハドラッグ 鹿角店
秋田県,由利本荘市,74707.0,39.3059734055,140.1701704447504,8.307,薬王堂 由利本荘矢島店
秋田県,潟上市,31720.0,39.8661590135,140.05942949464549,0.399,ツルハドラッグ 潟上昭和店
秋田県,大仙市,77657.0,39.544428279,140.4840296533214,4.721,ツルハドラッグ 中仙店
秋田県,北秋田市,30198.0,40.07524268,140.51940922556943,12.878,薬王堂北秋田米内沢店
秋田県,にかほ市,23435.0,39.209288239,139.97311136961582,5.903,薬王堂 にかほ象潟店
秋田県,仙北市,24610.0,39.775389266,140.6617940144058,10.093,ツルハドラッグ 田沢湖店
秋田県,小坂町,4780.0,40.396706153,140.7485475103405,8.082,ハッピー・ドラッグ 秋田小坂店
秋田県,上小阿仁村,2063.0,39.943739599500006,140.31047611931768,16.193,五城目中央ドラッグ
秋田県,藤里町,2896.0,40.343456293,140.27185574384714,15.387,ツルハドラッグ 鷹巣店
秋田県,三種町,15254.0,40.065903946,140.13358016568367,5.89,ツルハドラッグ 琴丘店
秋田県,八峰町,6577.0,40.3580401125,140.08663160424544,5.346,薬王堂 秋田八峰店
秋田県,五城目町,8538.0,39.919973027,140.20972975970034,8.139,五城目中央ドラッグ
秋田県,八郎潟町,5583.0,39.9597882345,140.07504303788178,1.78,ツルハドラッグ 八郎潟店
秋田県,井川町,4566.0,39.8937560675,140.12411256804188,3.416,ベストドラッグ井川店
秋田県,大潟村,3011.0,40.007385946,140.0062787668316,6.809,ツルハドラッグ 琴丘店
秋田県,美郷町,18613.0,39.4248060945,140.60062341755844,3.874,薬王堂 秋田六郷店
秋田県,羽後町,13825.0,39.1729791395,140.36284298970986,4.685,ツルハドラッグ 羽後店
秋田県,東成瀬村,2704.0,39.083185667,140.7236719153521,14.849,薬王堂 湯沢稲川店
山形県,山形市,247590.0,38.2477707255,140.3421748818452,0.527,ツルハドラッグ 山形東原店
山形県,米沢市,81252.0,37.860758946,140.10092491054593,3.54,薬王堂 米沢泉町店
山形県,鶴岡市,122347.0,38.5717439595,139.78851662895954,12.534,ドラッグセイムス 鶴岡櫛引店
山形県,酒田市,100273.0,38.933530248,139.96445649462407,4.366,ツルハドラッグ 酒田八幡店
山形県,新庄市,34432.0,38.800088919,140.34523907022162,2.301,薬王堂 新庄泉田店
山形県,寒河江市,40189.0,38.438876473,140.22307029114853,4.827,薬王堂 山形西川店
山形県,上山市,29110.0,38.13880068,140.32508628309486,3.298,ツルハドラッグ 上山東店
山形県,村山市,22516.0,38.517333734000005,140.33532781082772,4.761,ツルハドラッグ 村山西店
山形県,長井市,26543.0,38.1440010995,139.97342929736436,6.402,ウエルシア長井緑町店
山形県,天童市,62140.0,38.3577765585,140.40211857176658,1.567,ツルハドラッグ 天童店
山形県,東根市,47682.0,38.418485293,140.4571577165487,5.867,薬王堂 東根店
山形県,尾花沢市,14971.0,38.579160333,140.4869039310425,7.147,ツルハドラッグ 尾花沢新町店
山形県,南陽市,30420.0,38.121584586,140.1478799931647,5.615,薬王堂 南陽宮内店
山形県,山辺町,13725.0,38.2752843015,140.2175869901073,4.005,ツルハドラッグ 山辺店
山形県,中山町,10746.0,38.3328931125,140.26345320045442,1.412,薬王堂 中山南店
山形県,河北町,17641.0,38.4243157615,140.2965398671672,1.414,ウエルシア山形河北店
山形県,西川町,4956.0,38.404847248,139.9697475927798,17.813,薬王堂 山形西川店
山形県,朝日町,6366.0,38.271275365,140.06502066228876,8.407,薬王堂 山形朝日店
山形県,大江町,7646.0,38.3382436985,140.05351540349574,9.806,薬王堂 山形朝日店
山形県,大石田町,6577.0,38.5968595135,140.3261177113064,5.125,薬王堂 山形大石田店
山形県,金山町,5071.0,38.9039996535,140.39240194658686,11.753,薬王堂 新庄泉田店
山形県,最上町,8080.0,38.767353171,140.52545980270983,1.588,ツルハドラッグ 最上店
山形県,舟形町,5007.0,38.660024788,140.28520641608867,10.114,薬王堂 新庄鳥越店
山形県,真室川町,7203.0,38.947219545500005,140.22481209420772,10.082,ツルハドラッグ 真室川店
山形県,大蔵村,3028.0,38.608402,140.18168747461976,17.741,薬王堂 山形大石田店
山形県,鮭川村,3902.0,38.8199176665,140.2096703808179,4.992,薬王堂 山形真室川店
山形県,戸沢村,4199.0,38.717445973,140.12352925739617,14.939,ドラッグヤマザワ新庄宮内店
山形県,高畠町,22463.0,37.989327446,140.19585440831568,1.371,ツルハドラッグ 高畠店
山形県,川西町,14558.0,37.970612288,140.0183466061892,4.453,ツルハドラッグ 川西店
山形県,小国町,7107.0,38.0532556985,139.79926501772812,4.412,ツルハドラッグ 小国店
山形県,白鷹町,12890.0,38.19870883350001,140.07484169413698,1.336,薬王堂 白鷹鮎貝店
山形県,飯豊町,6613.0,37.9552892525,139.90691623692493,12.754,ツルハドラッグ 飯豊店
山形県,三川町,7601.0,38.793605473,139.85177896171797,2.033,ツルハドラッグ 三川南店
山形県,庄内町,20151.0,38.706014973,140.01821949079272,11.809,ツルハドラッグ 藤島店
山形県,遊佐町,13032.0,39.054644347,139.95288722989835,5.7,薬王堂 山形遊佐店
福島県,福島市,282693.0,37.8004810045,140.40187097661513,2.36,ハシドラッグ 信陵店
福島県,会津若松市,117376.0,37.4530868605,140.005938586812,6.817,ツルハドラッグ 会津門田店
福島県,郡山市,327692.0,37.44590536,140.286091295444,5.11,ツルハドラッグ 郡山片平店
福島県,いわき市,332931.0,37.087847991,140.81904172398112,5.232,ツルハドラッグ 平窪店
福島県,白河市,59491.0,37.130887572,140.24169081128042,0.608,薬王堂 白河桜岡店
福島県,須賀川市,74992.0,37.298101527,140.30353159646313,3.233,薬王堂 須賀川木之崎店
福島県,喜多方市,44760.0,37.71730564,139.84830636889217,4.137,薬王堂 喜多方松山店
福島県,相馬市,34865.0,37.782886464,140.89051595663653,3.3,ドラッグストア マツモトキヨシ エイトタウン相馬店
福島県,二本松市,53557.0,37.5749081935,140.4941952198232,4.128,ツルハドラッグ 二本松上竹店
福島県,田村市,35169.0,37.4063458605,140.68714665198854,5.47,薬王堂 田村大越店
福島県,南相馬市,59005.0,37.627208527,140.92678843638862,1.414,薬王堂 原町大木戸北店
福島県,伊達市,58240.0,37.802200054,140.60652934606316,3.526,薬王堂 伊達霊山町店
福島県,本宮市,30236.0,37.510731347,140.4261292240461,1.707,薬王堂 本宮高木店
福島県,桑折町,11459.0,37.8639543335,140.5015161551354,2.64,ウエルシア伊達桑折店
福島県,国見町,8639.0,37.889481446,140.54489932568998,1.962,ハシドラッグ 国見店
福島県,川俣町,12170.0,37.630869806,140.61919730966395,4.104,ツルハドラッグ 川俣中央店
福島県,大玉村,8900.0,37.5637092795,140.32017927078263,7.234,薬王堂 福島大玉店
福島県,鏡石町,12318.0,37.246886081,140.34318120574898,0.745,薬王堂 福島鏡石店
福島県,天栄村,5194.0,37.269219874,140.0856564846193,14.024,ツルハドラッグ 須賀川長沼店
福島県,下郷町,5264.0,37.253911946,139.84138749317302,3.307,ツルハドラッグ 南会津下郷店
福島県,檜枝岐村,504.0,37.056930113,139.33759407661768,41.558,ツルハドラッグ 南会津店
福島県,只見町,4044.0,37.292320360000005,139.35965191950697,37.63,ツルハドラッグ 南会津店
福島県,南会津町,14451.0,37.1399760315,139.64672516569942,12.894,ツルハドラッグ 南会津店
福島県,北塩原村,2556.0,37.69091064,140.04918824810127,14.959,ツルハドラッグ 喜多方上江店
福島県,西会津町,5770.0,37.658874892,139.64354579889886,8.728,ウエルシア西会津店
福島県,磐梯町,3322.0,37.5743905135,139.9925857009101,6.022,ツルハドラッグ 会津河東店
福島県,猪苗代町,13552.0,37.6025434275,140.16742942727106,6.874,ツルハドラッグ 猪苗代店
福島県,会津坂下町,15068.0,37.575759027,139.79331705689611,1.407,薬王堂 メガステージ会津坂下店
福島県,湯川村,3081.0,37.5681176935,139.88043945268856,3.222,ツルハドラッグ 喜多方塩川店
福島県,柳津町,3081.0,37.461719887,139.7119162809357,10.988,ツルハドラッグ 会津高田店
福島県,三島町,1452.0,37.434589392,139.63199426215482,16.275,ウエルシア西会津店
福島県,金山町,1862.0,37.425534045,139.4934724246126,21.934,ウエルシア西会津店
福島県,昭和村,1246.0,37.300309608,139.65966717701974,14.602,ツルハドラッグ 南会津店
福島県,会津美里町,19014.0,37.406836554,139.8409803967691,6.353,ツルハドラッグ 会津高田店
福島県,西郷村,20808.0,37.169472,140.0814763280838,7.141,ツルハドラッグ 西郷店
福島県,泉崎村,6213.0,37.1564726395,140.29750379176,0.683,ツルハドラッグ 福島泉崎店
福島県,中島村,4885.0,37.1483298195,140.36145450720858,1.152,ウエルシア西白河中島店
福島県,矢吹町,17287.0,37.1908995315,140.34711996230286,0.913,ツルハドラッグ 矢吹中央インター店
福島県,棚倉町,13343.0,37.0085889145,140.33877063125402,3.421,薬王堂 福島棚倉店
福島県,矢祭町,5392.0,36.866007473,140.435844685272,0.898,ツルハドラッグ 矢祭店
福島県,塙町,8302.0,36.9295091125,140.49713319200333,8.055,薬王堂 福島塙店
福島県,鮫川村,3049.0,37.011412320000005,140.51223989036228,9.229,ツルハドラッグ 福島古殿店
福島県,石川町,14644.0,37.1399871665,140.4483472373082,0.576,薬王堂 福島石川店
福島県,玉川村,6392.0,37.2182376395,140.45616626295327,4.226,ウエルシア福島玉川店
福島県,平田村,5826.0,37.2146776395,140.56028575408544,2.489,ツルハドラッグ 福島平田店
福島県,浅川町,6036.0,37.071751693500005,140.41997541758462,1.0,ツルハドラッグ 浅川店
福島県,古殿町,4825.0,37.080429360500005,140.5833509409095,4.885,ツルハドラッグ 福島古殿店
福島県,三春町,17018.0,37.4407148875,140.49717952875034,5.645,ウエルシア田村船引店
福島県,小野町,9471.0,37.2852993735,140.5974777914025,2.355,ツルハドラッグ 小野店
福島県,広野町,5412.0,37.216195144500006,140.95586808037433,8.704,ツルハドラッグ いわき久之浜店
福島県,楢葉町,3710.0,37.2883330225,140.9549304506983,7.799,ツルハドラッグ さくらモールとみおか店
福島県,富岡町,2128.0,37.343623613000005,140.9704478566797,4.001,ツルハドラッグ さくらモールとみおか店
福島県,川内村,2044.0,37.328093919,140.81161272030425,16.97,薬王堂 福島小野店
福島県,大熊町,847.0,37.4033775995,140.94669533596235,9.353,ツルハドラッグ さくらモールとみおか店
福島県,浪江町,1923.0,37.5171816985,140.9120007806739,11.985,薬王堂 南相馬原町店
福島県,葛尾村,420.0,37.5027767525,140.77256033701815,13.752,ツルハドラッグ 田村常葉店
福島県,新地町,7905.0,37.870099446,140.89789799743806,1.828,ツルハドラッグ 新地店
福島県,飯舘村,1318.0,37.6775291935,140.74079494833964,2.035,ハシドラッグ 飯舘店
