company,store_name,address,latitude,longitude
ウエルシア,北海道,北海道は日本の主要四島の中で最北端にある島で、火山、天然温泉、スキー場で知られています。起伏の激しい大雪山国立公園には蒸気を上げる火山の旭岳があり、支笏洞爺国立公園にはカルデラ湖、地熱温泉、富士山に似た羊蹄,43.064323,141.346878
コクミン,CityDrug シティドラッグアピア店,北海道札幌市中央区北5条西4丁目アピア内W-22,43.064496,141.353573
コクミン,KoKuMiN 新千歳空港出発口店,北海道千歳市美々新千歳空港ターミナルビル2階,42.784519,141.684748
コクミン,KoKuMiN 新千歳空港出発口店,北海道千歳市美々国内線ターミナルビル2階,42.783916,141.695938
コクミン,KoKuMiN 札幌アピア店,北海道札幌市中央区北5条西3-1札幌アピア内,43.065115,141.354419
コクミン,KoKuMiN 札幌アピア店,北海道札幌市中央区北５条西３丁目１札幌アピア内,43.066757,141.351212
コクミン,KoKuMiN 札幌オーロラ店,北海道札幌市中央区大通西1-5-5オーロラタウンA-26,43.058588,141.359758
コクミン,KoKuMiN 札幌オーロラ店,北海道札幌市中央区大通西１丁目5−５Ａ２６オーロラタウン,43.061016,141.356369
コクミン,KoKuMiN 札幌地下店,北海道札幌市中央区大通西2丁目札幌地下街オーロラタウン内,43.058294,141.357499
コクミン,コクミンドラッグ 札幌大通西5丁目店,北海道札幌市中央区大通西5丁目8番地,43.057088,141.353349
コクミン,コクミンドラッグ 札幌大通西5丁目店,北海道札幌市中央区大通西５丁目８昭和ビル1階,43.059536,141.34993
コクミン,コクミンドラッグ 狸小路5丁目店,北海道札幌市中央区南２条西５丁目１３番６４号,43.057224,141.350433
コクミン,コクミンドラッグ 狸小路店,北海道札幌市中央区南３条西３丁目１４,43.057087,141.35379
コクミン,コクミンドラッグ狸小路店,北海道札幌市中央区南3条西3-14,43.054889,141.35739
コクミン,コクミンドラッグ狸小路５丁目店,北海道札幌市中央区南２条西５丁目13ときビル,43.054568,141.35388
ココカラファイン,ココカラファイン ウイングベイ店,北海道小樽市築港１１−５ウイングベイ小樽5番街1F,43.185925,141.018311
ココカラファイン,ココカラファイン グランディールイチイ店,北海道函館市美原１丁目３−１グランディールイチイ地下1F,41.813755,140.758545
ココカラファイン,ココカラファイン サンピアザ店,北海道札幌市厚別区厚別中央２条５丁目７−７サンピアザ地下1F,43.037098,141.471512
ココカラファイン,ココカラファイン 函館本町店,北海道函館市本町２５−１３,41.789322,140.752472
ココカラファイン,ココカラファイン 北28条店,北海道札幌市北区北２８条西１３丁目１−３５,43.096661,141.329254
ココカラファイン,ココカラファイン 奥沢店,北海道小樽市奥沢３丁目２９−３,43.175663,141.0009
ココカラファイン,ココカラファイン 平和店,北海道夕張市平和１−１５,43.023891,141.971344
ココカラファイン,ココカラファイン 東札幌店,北海道札幌市白石区東札幌３条１丁目１−１ラソラ札幌Aタウン2F,43.054256,141.384369
ココカラファイン,ココカラファイン 桜町店,北海道小樽市桜２丁目３８−１,43.171341,141.033905
ココカラファイン,ココカラファイン 真駒内店,北海道札幌市南区真駒内幸町２丁目１−１２ミュークリスタル地下1F,42.990494,141.354218
ココカラファイン,ココカラファイン 都通店,北海道小樽市稲穂２丁目１５−８,43.196125,140.997559
サツドラ,サツドラ 中標津東店,北海道標津郡中標津町東18条南8丁目3番地,43.553,144.9957
サツドラ,サツドラ 北3条店,北海道札幌市中央区北3条西12丁目1番地１,43.063444,141.337093
サツドラ,サツドラ 北3条店,北海道札幌市中央区北３条西１２丁目１−１,43.063427,141.337662
サツドラ,サツドラ 千歳北信濃店,北海道千歳市北信濃８６７−１ランドブレイン千歳モール,42.8436128,141.6196815
サツドラ,サツドラ 岩見沢６条店,北海道岩見沢市６条西３丁目２番地４,43.2013224,141.7655442
サツドラ,サツドラ 留萌店,北海道留萌市沖見町２丁目４,43.933826,141.63501
サツドラ,サツドラ 美幌栄町店,北海道網走郡美幌町字栄町２丁目２番地１,43.8296751,144.1076276
サツドラ,サツドラmoyuk SAPPORO,北海道札幌市中央区南2条西3丁目20番地,43.0575648,141.3531685
サツドラ,サツドラすすきの店,北海道札幌市中央区南4条西3丁目第2Gビル1階,43.0556191,141.3542918
サツドラ,サツドラせたな店,北海道久遠郡せたな町北檜山区北檜山217番地2,42.4116547,139.8819766
サツドラ,サツドラめむろ店,北海道河西郡芽室町東６条９丁目ダイイチ内,42.9206576,143.0566838
サツドラ,サツドラアシルすながわ店,北海道砂川市東1条南11丁目9番地,43.4771453,141.9040755
サツドラ,サツドラインターヴィレッジ大曲店,北海道北広島市大曲幸町6丁目1番地,42.9691799,141.4696578
サツドラ,サツドラクロスモール新発寒店,北海道札幌市手稲区新発寒2条1丁目1番1号,43.1060095,141.2732041
サツドラ,サツドラセリオおおまがり店,北海道北広島市大曲末広１丁目２番１号,42.9762597,141.4807663
サツドラ,サツドラニセコひらふ店,北海道虻田郡倶知安町ニセコひらふ1条3丁目6番24号Hirafu1881階,42.8601964,140.7026426
サツドラ,サツドラニセコビレッジ店,北海道虻田郡ニセコ町字曽我919-27,42.8447649,140.6840182
サツドラ,サツドラニセコ元町店,北海道虻田郡ニセコ町字元町74-16,42.8002454,140.70157
サツドラ,サツドラファクトリー店,北海道札幌市中央区北1条東4丁目8番1サッポロファクトリーフロンティア館2階,43.0638251,141.3622085
サツドラ,サツドラルスツ店,北海道虻田郡留寿都村留寿都４５−３,42.7401078,140.8832841
サツドラ,サツドラ七飯店,北海道亀田郡七飯町大川2丁目1-4,41.8521204,140.7229711
サツドラ,サツドラ中の島店,北海道札幌市豊平区中の島２条２丁目３番3号,43.0362225,141.36253
サツドラ,サツドラ中の島店,北海道札幌市豊平区中の島２条２丁目３−３,43.036671,141.36261
サツドラ,サツドラ中ノ沢店,北海道札幌市南区中ノ沢2丁目2番地,42.9968315,141.3224001
サツドラ,サツドラ中札内店,北海道河西郡中札内村大通南6丁目3番マックスバリュ中札内店内,42.6928032,143.1290637
サツドラ,サツドラ中札内店,北海道河西郡中札内村大通南６丁目３マックスバリュ中札内店内,42.693176,143.128128
サツドラ,サツドラ中標津西店,北海道標津郡中標津町西6条南11丁目6番地2,43.5377613,144.9763643
サツドラ,サツドラ久根別店,北海道北斗市東浜２丁目６番32号,41.8254846,140.6660335
サツドラ,サツドラ二十四軒店,北海道札幌市西区二十四軒4条1丁目2番20号,43.0758474,141.3082343
サツドラ,サツドラ伊達インター店,北海道伊達市舟岡町２３６−１,42.4687012,140.8789317
サツドラ,サツドラ伏見啓明店,北海道札幌市中央区南13条西22丁目1番15号,43.0407773,141.3267925
サツドラ,サツドラ伏見啓明店,北海道札幌市中央区南１３条西２２丁目１−１５,43.041027,141.327164
サツドラ,サツドラ余市店,北海道余市郡余市町黒川町12丁目67番地2,43.1853759,140.7977422
サツドラ,サツドラ倶知安店,北海道虻田郡倶知安町南7条東1丁目1-9,42.8940625,140.7522711
サツドラ,サツドラ八軒6条店,北海道札幌市西区八軒６条西４丁目２−７,43.0909498,141.3097159
サツドラ,サツドラ八雲店,北海道二海郡八雲町本町125-15,42.2533352,140.2742121
サツドラ,サツドラ円山西28丁目店,北海道札幌市中央区北５条西28丁目1番地,43.062127,141.3140733
サツドラ,サツドラ函館中道店,北海道函館市中道2丁目3番13号,41.8058492,140.7610372
サツドラ,サツドラ函館中道店,北海道函館市中道２丁目３−１３,41.80566,140.761337
サツドラ,サツドラ函館大縄店,北海道函館市大縄町15番1号,41.7823693,140.7371302
サツドラ,サツドラ函館大縄店,北海道函館市大縄町１５−１,41.781731,140.737411
サツドラ,サツドラ函館宮前店,北海道函館市宮前町17番3号,41.7892746,140.7355221
サツドラ,サツドラ函館宮前店,北海道函館市宮前町１７3号,41.789673,140.738327
サツドラ,サツドラ函館川汲店,北海道函館市川汲町1618-1,41.9092102,140.9686791
サツドラ,サツドラ函館川汲店,北海道函館市川汲町１６１８−１,41.890949,140.950775
サツドラ,サツドラ函館戸倉店,北海道函館市戸倉町１２番17号,41.7829865,140.7987126
サツドラ,サツドラ函館戸倉店,北海道函館市戸倉町１２−１７,41.783344,140.798706
サツドラ,サツドラ函館日の出店,北海道函館市日乃出町17番20号,41.7758986,140.751334
サツドラ,サツドラ函館日の出店,北海道函館市日乃出町１７−２０,41.775753,140.751434
サツドラ,サツドラ函館港店,北海道函館市港町1丁目23番1号,41.8037834,140.7239354
サツドラ,サツドラ函館港店,北海道函館市港町１丁目２３−１,41.80373,140.724197
サツドラ,サツドラ函館白鳥店,北海道函館市田家町16番25号,41.7969276,140.742947
サツドラ,サツドラ函館白鳥店,北海道函館市田家町１６−２５,41.797394,140.743088
サツドラ,サツドラ函館石川店,北海道函館市石川町470番地2,41.8349459,140.7462063
サツドラ,サツドラ函館美原店,北海道函館市美原3丁目13番22号,41.8188399,140.7524131
サツドラ,サツドラ函館美原店,北海道函館市美原３丁目１３−２２,41.819233,140.752747
サツドラ,サツドラ函館花園店,北海道函館市花園町26番1号,41.7927887,140.7813947
サツドラ,サツドラ函館花園店,北海道函館市花園町２６−１,41.792561,140.78183
サツドラ,サツドラ函館金森倉庫店,北海道函館市豊川町11番6号,41.7667934,140.7179791
サツドラ,サツドラ函館金森倉庫店,北海道函館市豊川町１１−６,41.766823,140.718155
サツドラ,サツドラ函館高盛店,北海道函館市高盛町17番3号,41.7741308,140.7434456
サツドラ,サツドラ函館高盛店,北海道函館市高盛町１７−３,41.774212,140.74321
サツドラ,サツドラ利尻店,北海道利尻郡利尻町沓形字新湊284-1,45.2028703,141.1418533
サツドラ,サツドラ北12条店,北海道札幌市東区北12条東4丁目2-1,43.0765131,141.3593985
サツドラ,サツドラ北12条店,北海道札幌市東区北１２条東４丁目２−１,43.076328,141.359238
サツドラ,サツドラ北19条店,北海道札幌市東区北19条東15丁目5番1号,43.0865524,141.3729456
サツドラ,サツドラ北19条店,北海道札幌市東区北１９条東１５丁目５−１,43.08646,141.372849
サツドラ,サツドラ北26条店,北海道札幌市北区北26条西4丁目3番1号,43.0928268,141.3425255
サツドラ,サツドラ北26条店,北海道札幌市北区北２６条西４丁目３−１,43.093071,141.342667
サツドラ,サツドラ北8条店,北海道札幌市東区北8条東4丁目1番20号,43.0719723,141.3599667
サツドラ,サツドラ北8条店,北海道札幌市東区北８条東４丁目１−２０,43.072762,141.360382
サツドラ,サツドラ北斗七重浜店,北海道北斗市七重浜3丁目2-52,41.8159527,140.7136232
サツドラ,サツドラ北斗七重浜店,北海道北斗市七重浜３丁目２−５２,41.815872,140.714264
サツドラ,サツドラ北斗本町店,北海道北斗市本町3丁目9番7号,41.8798404,140.6457607
サツドラ,サツドラ北栄店,北海道札幌市東区北27条東1丁目3番7号,43.0954334,141.3489914
サツドラ,サツドラ北栄店,北海道札幌市東区北２７条東１丁目３−７,43.095257,141.348892
サツドラ,サツドラ北見とん田東町店,北海道北見市とん田東町617番地130,43.7994652,143.8839433
サツドラ,サツドラ北見栄町店,北海道北見市栄町３丁目４−２４,43.8016414,143.8714968
サツドラ,サツドラ北見若葉店,北海道北見市高栄西町１０丁目１３−７,43.8089147,143.8560031
サツドラ,サツドラ十勝清水店,北海道上川郡清水町南1条1丁目2番地2,43.012979,142.8801002
サツドラ,サツドラ千歳店,北海道千歳市新富３丁目９−３,42.8364109,141.6396594
サツドラ,サツドラ千歳末広店,北海道千歳市末広4丁目3番1号,42.8310025,141.6527287
サツドラ,サツドラ千歳末広店,北海道千歳市末広４丁目３−１,42.830566,141.653
サツドラ,サツドラ千歳梅ヶ丘店,北海道千歳市梅ケ丘１丁目１−１８,42.8286968,141.6761587
サツドラ,サツドラ千歳高台店,北海道千歳市高台5丁目7番12号,42.8380007,141.6525632
サツドラ,サツドラ千歳高台店,北海道千歳市高台５丁目７−１２7番12号,42.837822,141.652466
サツドラ,サツドラ南11条店,北海道札幌市中央区南11条西10丁目2番1号,43.044942,141.3441941
サツドラ,サツドラ南11条店,北海道札幌市中央区南１１条西１０丁目２−番1号,43.044842,141.343811
サツドラ,サツドラ南22条店,北海道札幌市中央区南23条西7丁目1-1,43.0296393,141.3509427
サツドラ,サツドラ南22条店,北海道札幌市中央区南２３条西７丁目１−１,43.029549,141.351624
サツドラ,サツドラ厚岸店,北海道厚岸郡厚岸町港町3丁目114番,43.0510641,144.8516769
サツドラ,サツドラ士別南大通店,北海道士別市東2条9丁目5,44.173375,142.3973376
サツドラ,サツドラ大樹店,北海道広尾郡大樹町柏木町7-4,42.4998167,143.2798933
サツドラ,サツドラ大樹店,北海道広尾郡大樹町柏木町７−４,42.500599,143.27742
サツドラ,サツドラ大谷地東店,北海道札幌市厚別区大谷地東5丁目13番6号,43.0263751,141.4565226
サツドラ,サツドラ大谷地東店,北海道札幌市厚別区大谷地東５丁目１３−６,43.026546,141.456726
サツドラ,サツドラ安平早来店,北海道勇払郡安平町早来大町106番地4,42.7680994,141.8183398
サツドラ,サツドラ宝来店,北海道函館市宝来町10番20号,41.7601136,140.7197332
サツドラ,サツドラ宝来店,北海道函館市宝来町１０−２０,41.759762,140.719757
サツドラ,サツドラ室蘭東町店,北海道室蘭市東町1丁目18番21号,42.3428275,141.023786
サツドラ,サツドラ室蘭東町店,北海道室蘭市東町１丁目１８−番21号,42.342773,141.024307
サツドラ,サツドラ室蘭駅前店,北海道室蘭市海岸町1丁目3番16号,42.319362,140.9735023
サツドラ,サツドラ室蘭駅前店,北海道室蘭市海岸町１丁目３−１６,42.319363,140.973541
サツドラ,サツドラ宮の森3条店,北海道札幌市中央区宮の森3条2丁目5番1号,43.0666112,141.3074503
サツドラ,サツドラ宮の森3条店,北海道札幌市中央区宮の森３条２丁目５−１,43.066616,141.307724
サツドラ,サツドラ富岡中央店,北海道函館市富岡町3丁目32番1号,41.8111948,140.7493183
サツドラ,サツドラ富岡中央店,北海道函館市富岡町３丁目３２−１,41.811005,140.749023
サツドラ,サツドラ富岸店,北海道登別市富岸町2丁目11番,42.3828124,141.0678147
サツドラ,サツドラ富川店,北海道沙流郡日高町富川北３丁目３番12号,42.5200696,142.0287595
サツドラ,サツドラ富良野店,北海道富良野市若葉町１２−１,43.3386207,142.3921622
サツドラ,サツドラ小樽堺町店,北海道小樽市堺町2-17,43.1953021,141.0040021
サツドラ,サツドラ小樽堺町店,北海道小樽市堺町２−１７,43.195522,141.003235
サツドラ,サツドラ小樽緑店,北海道小樽市緑1丁目9番1号,43.1910139,140.9900515
サツドラ,サツドラ小樽緑店,北海道小樽市緑１丁目９−１,43.190964,140.989639
サツドラ,サツドラ小樽若松店,北海道小樽市若松2丁目6-8,43.1832693,141.0086684
サツドラ,サツドラ小樽若松店,北海道小樽市若松２丁目６−８,43.183231,141.008453
サツドラ,サツドラ小樽長橋店,北海道小樽市長橋４丁目６−９,43.2097574,140.9722627
サツドラ,サツドラ小清水店,北海道斜里郡小清水町元町2丁目1番34号,43.8567766,144.4610834
サツドラ,サツドラ屯田8条店,北海道札幌市北区屯田8条7丁目10番33号,43.1410864,141.331234
サツドラ,サツドラ屯田8条店,北海道札幌市北区屯田８条７丁目１０−３３,43.140995,141.331573
サツドラ,サツドラ屯田店,北海道札幌市北区屯田9条3丁目1番1号,43.1411199,141.3423485
サツドラ,サツドラ屯田店,北海道札幌市北区屯田９条３丁目１−１,43.140766,141.342499
サツドラ,サツドラ山の手店,北海道札幌市西区山の手3条6丁目5番15号,43.0687745,141.2940393
サツドラ,サツドラ山の手店,北海道札幌市西区山の手３条６丁目５−１５,43.068604,141.293671
サツドラ,サツドラ山鼻南14条店,北海道札幌市中央区南14条西15丁目2番12号,43.0406729,141.3357331
サツドラ,サツドラ山鼻南14条店,北海道札幌市中央区南１４条西１５丁目２−１２,43.040348,141.335678
サツドラ,サツドラ岩内東山店,北海道岩内郡岩内町字東山９７−４,42.9799342,140.5257882
サツドラ,サツドラ岩内清住店,北海道岩内郡岩内町字清住258番地,42.978751,140.5090702
サツドラ,サツドラ川下店,北海道札幌市白石区川下3条5丁目1番26号,43.04853,141.4467
サツドラ,サツドラ川沿店,北海道札幌市南区川沿３条３丁目３−１０,42.9961913,141.331437
サツドラ,サツドラ帯広西15条店,北海道帯広市西15条北1丁目1-4,42.9308068,143.177169
サツドラ,サツドラ帯広西15条店,北海道帯広市西１５条北１丁目１−４,42.930851,143.177994
サツドラ,サツドラ帯広西19条店,北海道帯広市西19条南2丁目29-15,42.918737,143.153247
サツドラ,サツドラ帯広西19条店,北海道帯広市西１９条南２丁目２９−１５,42.918503,143.153183
サツドラ,サツドラ帯広西8条店,北海道帯広市西8条南17丁目2番,42.9122954,143.1943738
サツドラ,サツドラ帯広西8条店,北海道帯広市西８条南１７丁目２２番,42.911991,143.193787
サツドラ,サツドラ幕別札内店,北海道中川郡幕別町札内暁町4-2,42.916507,143.2621347
サツドラ,サツドラ弟子屈店,北海道川上郡弟子屈町鈴蘭3丁目1番7号,43.4943875,144.4534619
サツドラ,サツドラ当別太美店,北海道石狩郡当別町太美町１４７０−４,43.1973544,141.4459414
サツドラ,サツドラ当別店,北海道石狩郡当別町弥生１−４,43.2168062,141.5156865
サツドラ,サツドラ恵庭新町店,北海道恵庭市新町30番地1,42.8825922,141.5762111
サツドラ,サツドラ恵庭泉町店,北海道恵庭市泉町75番地,42.8776571,141.5796097
サツドラ,サツドラ恵庭黄金店,北海道恵庭市黄金南6丁目10番地5,42.8909731,141.598381
サツドラ,サツドラ手稲前田2条店,北海道札幌市手稲区前田2条13丁目3番20号,43.1246238,141.2433625
サツドラ,サツドラ手稲前田7条店,北海道札幌市手稲区前田7条11丁目2番2号,43.1286394,141.2564105
サツドラ,サツドラ手稲曙5条店,北海道札幌市手稲区曙5条2丁目7番28号,43.1347086,141.2379879
サツドラ,サツドラ斜里店,北海道斜里郡斜里町字豊倉51番5,43.8998581,144.6589064
サツドラ,サツドラ新琴似6番通店,北海道札幌市北区新琴似11条5丁目1番43号,43.1195687,141.3339725
サツドラ,サツドラ新琴似店,北海道札幌市北区新琴似２条８丁目１−１０,43.1094892,141.3155758
サツドラ,サツドラ旭ヶ丘南8条店,北海道札幌市中央区南8条西23丁目4番1号,43.0471838,141.3249593
サツドラ,サツドラ旭ヶ丘南8条店,北海道札幌市中央区南８条西２３丁目４−１,43.04705,141.325272
サツドラ,サツドラ旭川4条通店,北海道旭川市4条通10丁目2189-1,43.7674242,142.3647612
サツドラ,サツドラ旭川4条通店,北海道旭川市４条通１０丁目２１８９−１,43.767757,142.364838
サツドラ,サツドラ旭川プラタナス通店,北海道旭川市神楽岡6条6丁目1番8号,43.7408754,142.3725417
サツドラ,サツドラ旭川プラタナス通店,北海道旭川市神楽岡６条６丁目１−番8号,43.741013,142.372574
サツドラ,サツドラ旭川大町2条店,北海道旭川市大町2条7丁目77番12号,43.790199,142.3570498
サツドラ,サツドラ旭川豊岡4条店,北海道旭川市豊岡4条3丁目6-13,43.7596127,142.3993499
サツドラ,サツドラ旭川豊岡4条店,北海道旭川市豊岡４条３丁目６−１３,43.759892,142.399643
サツドラ,サツドラ春駒通店,北海道帯広市西18条南4丁目45番1号,42.9089553,143.1599348
サツドラ,サツドラ春駒通店,北海道帯広市西１８条南４丁目４５,42.90905,143.159821
サツドラ,サツドラ月寒東店,北海道札幌市豊平区月寒東5条8丁目1-1,43.0349301,141.4084865
サツドラ,サツドラ月寒西1条店,北海道札幌市豊平区月寒西1条11丁目3番1号,43.0230497,141.3980134
サツドラ,サツドラ朝里店,北海道小樽市新光1丁目9-17,43.1752179,141.0559938
サツドラ,サツドラ朝里店,北海道小樽市新光１丁目９−１７,43.175228,141.056
サツドラ,サツドラ本郷店,北海道札幌市白石区本郷通4丁目南1番20号,43.0461593,141.4066224
サツドラ,サツドラ本郷店,北海道札幌市白石区本郷通４丁目南１−２０,43.04631,141.406723
サツドラ,サツドラ札幌ステラプレイス店,北海道札幌市中央区北5条西2丁目イースト地下1階E-B-17区画,43.06828028,141.3531459
サツドラ,サツドラ東札幌店,北海道札幌市白石区東札幌1条2丁目3番10号,43.0495289,141.3829306
サツドラ,サツドラ東苗穂4条店,北海道札幌市東区東苗穂4条２丁目5番1号,43.0871676,141.4041966
サツドラ,サツドラ東雁来11条店,北海道札幌市東区東雁来11条4丁目1番30号,43.0966463,141.4323796
サツドラ,サツドラ栄町店,北海道札幌市東区北41条東17丁目4番15号,43.1127896,141.3702468
サツドラ,サツドラ栄町店,北海道札幌市東区北４１条東１７丁目４−１５,43.112831,141.370422
サツドラ,サツドラ栗山朝日店,北海道夕張郡栗山町朝日4丁目10-1,43.0560057,141.7953582
サツドラ,サツドラ根室店,北海道根室市大正町1丁目32番2,43.3292843,145.5857456
サツドラ,サツドラ根室西浜店,北海道根室市西浜町8丁目95番1,43.3216773,145.5619487
サツドラ,サツドラ桑園北8条店,北海道札幌市中央区北8条西22丁目2-16,43.0671803,141.321343
サツドラ,サツドラ桑園北8条店,北海道札幌市中央区北８条西２２丁目２−１６,43.067375,141.321075
サツドラ,サツドラ森店,北海道茅部郡森町本町50番地3,42.1093265,140.5701191
サツドラ,サツドラ標茶店,北海道川上郡標茶町開運3丁目6番1号,43.2975259,144.5987919
サツドラ,サツドラ江別一番町店,北海道江別市一番町4-20,43.1105388,141.5471906
サツドラ,サツドラ江別一番町店,北海道江別市一番町4−２０,43.110588,141.547409
サツドラ,サツドラ江別錦店,北海道江別市錦町43番地の3,43.1025985,141.5260507
サツドラ,サツドラ江差店,北海道檜山郡江差町字円山299番46,41.8616675,140.1307459
サツドラ,サツドラ江差柳崎店,北海道檜山郡江差町字柳崎町92-25,41.9192863,140.1522181
サツドラ,サツドラ池田店,北海道中川郡池田町字利別南町26番4,42.9270337,143.4238703
サツドラ,サツドラ洞爺湖旭町店,北海道虻田郡洞爺湖町旭町５−２２,42.5472288,140.7668815
サツドラ,サツドラ津別店,北海道網走郡津別町字幸町４１,43.7069868,144.0243183
サツドラ,サツドラ浜頓別店,北海道枝幸郡浜頓別町大通5丁目6,45.125923,142.369042
サツドラ,サツドラ浦河店,北海道浦河郡浦河町堺町西６丁目２−１３,42.1864256,142.764879
サツドラ,サツドラ深川店,北海道深川市3条18番28号,43.7235367,142.0555302
サツドラ,サツドラ深川店,北海道深川市３条１８28号,43.721294,142.048798
サツドラ,サツドラ清田2条店,北海道札幌市清田区清田2条2丁目20番20号,43.0017717,141.4333742
サツドラ,サツドラ清田2条店,北海道札幌市清田区清田２条２丁目２０−２０,43.001434,141.433823
サツドラ,サツドラ滝川西店,北海道滝川市西町４丁目１−２１２−４９,43.5616712,141.8983872
サツドラ,サツドラ狸小路5丁目店,北海道札幌市中央区南3条西5丁目14,43.0568473,141.3507364
サツドラ,サツドラ狸小路大王ビル店,北海道札幌市中央区南2条西5丁目23-1,43.057396,141.3511498
サツドラ,サツドラ狸小路大王ビル店,北海道札幌市中央区南２条西５丁目２３−１,43.057224,141.350433
サツドラ,サツドラ留萌潮静店,北海道留萌市潮静1丁目1番地3,43.9223614,141.6751584
サツドラ,サツドラ留萌花園店,北海道留萌市花園町３丁目２−１１,43.9365025,141.6521648
サツドラ,サツドラ発寒5条店,北海道札幌市西区発寒5条8丁目1番37号,43.0858496,141.2841326
サツドラ,サツドラ発寒5条店,北海道札幌市西区発寒５条８丁目１−３７,43.085804,141.283539
サツドラ,サツドラ登別温泉店,北海道登別市登別温泉町72番地,42.4936494,141.1430956
サツドラ,サツドラ白樺店,北海道帯広市白樺16条西2丁目7-7,42.918065,143.1731497
サツドラ,サツドラ白樺店,北海道帯広市白樺１６条西２丁目７−７,42.918865,143.173294
サツドラ,サツドラ白石本通店,北海道札幌市白石区本通13丁目南5-1,43.0401023,141.4252078
サツドラ,サツドラ白石本通店,北海道札幌市白石区本通１３丁目南５−１,43.040077,141.424881
サツドラ,サツドラ白糠駅前店,北海道白糠郡白糠町東２条南２丁目１番１,42.9544321,144.0780889
サツドラ,サツドラ白老末広店,北海道白老郡白老町末広町1丁目4番23号,42.5541766,141.3561074
サツドラ,サツドラ真駒内緑町店,北海道札幌市南区真駒内緑町1丁目1番6号,42.9934578,141.3501115
サツドラ,サツドラ真駒内緑町店,北海道札幌市南区真駒内緑町１丁目１−６,42.992722,141.350494
サツドラ,サツドラ福井店,北海道札幌市西区福井4丁目3-1,43.0571489,141.2690386
サツドラ,サツドラ福井店,北海道札幌市西区福井４丁目３−１,43.057072,141.269531
サツドラ,サツドラ稚内ララプラザ店,北海道稚内市潮見１丁目１０−１５,45.394241,141.6977896
サツドラ,サツドラ稚内中央店,北海道稚内市中央２丁目１４-２３号,45.4175191,141.6744207
サツドラ,サツドラ稚内中央店,北海道稚内市中央２丁目１４−２３号,45.417595,141.673981
サツドラ,サツドラ稚内店,北海道稚内市潮見2丁目5番35号,45.3965885,141.6994141
サツドラ,サツドラ稚内店,北海道稚内市潮見２丁目５−３５,45.396122,141.699493
サツドラ,サツドラ端野店,北海道北見市端野町三区564-1,43.8410903,143.9300978
サツドラ,サツドラ端野店,北海道北見市端野町三区５６４−１,43.850464,143.921295
サツドラ,サツドラ篠路店,北海道札幌市北区篠路5条5丁目1番地5,43.1488213,141.3599227
サツドラ,サツドラ紋別店,北海道紋別市落石町１丁目２８−３５,44.3630594,143.3430275
サツドラ,サツドラ紋別本町店,北海道紋別市本町7丁目1番16号,44.3484841,143.3546604
サツドラ,サツドラ網走店,北海道網走市つくしケ丘２丁目３−２,43.9964196,144.2870678
サツドラ,サツドラ美しが丘南店,北海道札幌市清田区美しが丘4条6丁目2番1号,42.9781794,141.457694
サツドラ,サツドラ美唄店,北海道美唄市大通西1条南2丁目1番1号,43.3310536,141.8594333
サツドラ,サツドラ美唄店,北海道美唄市大通西１条南２丁目１−１,43.331146,141.859955
サツドラ,サツドラ苫小牧しらかば店,北海道苫小牧市しらかば町2丁目1番23号,42.6223472,141.5446624
サツドラ,サツドラ苫小牧しらかば店,北海道苫小牧市しらかば町２丁目１１−番23号,42.623718,141.54213
サツドラ,サツドラ苫小牧ときわ町店,北海道苫小牧市ときわ町3丁目17番17号,42.6158626,141.5080911
サツドラ,サツドラ苫小牧ときわ町店,北海道苫小牧市ときわ町３丁目１７−１７17番17号,42.616173,141.508545
サツドラ,サツドラ虹ヶ丘店,北海道北広島市虹ヶ丘6丁目8,43.0208677,141.4897916
サツドラ,サツドラ西宮の沢4条店,北海道札幌市手稲区西宮の沢4条2丁目4番1号,43.0986449,141.2613891
サツドラ,サツドラ西岡店,北海道札幌市豊平区西岡4条11丁目16番25号,42.9990948,141.3818007
サツドラ,サツドラ西岡店,北海道札幌市豊平区西岡４条１１丁目１６−２５,42.998997,141.381699
サツドラ,サツドラ西岡札大前店,北海道札幌市豊平区西岡3条7丁目3番13号,43.0106543,141.3839655
サツドラ,サツドラ西岡札大前店,北海道札幌市豊平区西岡３条７丁目３−１３,43.009392,141.38681
サツドラ,サツドラ西町南店,北海道札幌市西区西町南４丁目１−１０,43.0775379,141.290234
サツドラ,サツドラ西線店,北海道札幌市中央区南7条西15丁目1-6,43.050314,141.3346541
サツドラ,サツドラ西線店,北海道札幌市中央区南７条西１５丁目１−６,43.050125,141.335114
サツドラ,サツドラ西野1条店,北海道札幌市西区西野1条3丁目1-5,43.0773379,141.2848066
サツドラ,サツドラ西野8条店,北海道札幌市西区西野８条４丁目１１−２２,43.0653049,141.2702517
サツドラ,サツドラ豊平3条店,北海道札幌市豊平区豊平3条2丁目1番35号,43.0542377,141.3678046
サツドラ,サツドラ豊平3条店,北海道札幌市豊平区豊平３条２丁目１−３５,43.054344,141.367203
サツドラ,サツドラ豊平美園店,北海道札幌市豊平区美園9条3丁目2-1,43.0381752,141.3796662
サツドラ,サツドラ豊平美園店,北海道札幌市豊平区美園９条３丁目２−１,43.038296,141.380478
サツドラ,サツドラ足寄南店,北海道足寄郡足寄町南3条1丁目10番地,43.2412556,143.5464311
サツドラ,サツドラ遠軽店,北海道紋別郡遠軽町2条通北1丁目4番3号,44.0582682,143.5288477
サツドラ,サツドラ釧路星が浦大通店,北海道釧路市星が浦大通２丁目8番14号,43.0153683,144.3199487
サツドラ,サツドラ釧路星が浦大通店,北海道釧路市星が浦大通２丁目８−１４,43.014969,144.319794
サツドラ,サツドラ釧路昭和中央店,北海道釧路市昭和中央1丁目1番2号,43.016615,144.3691635
サツドラ,サツドラ釧路昭和中央店,北海道釧路市昭和中央１丁目１−２,43.016136,144.368866
サツドラ,サツドラ釧路曙店,北海道釧路郡釧路町曙4丁目11番地13,43.0166197,144.4108727
サツドラ,サツドラ静内店,北海道日高郡新ひだか町静内木場町1丁目1番128号,42.3410071,142.3619521
サツドラ,サツドラ音更宝来店,北海道河東郡音更町ひびき野仲町１丁目９−１,42.9426392,143.2177488
サツドラ,サツドラ音更木野タウン店,北海道河東郡音更町木野大通東11丁目２番地2,42.9567122,143.2080306
サツドラ,サツドラ麻生北35条店,北海道札幌市北区北35条西4丁目2番15号,43.1023929,141.3403111
サツドラ,サツドラ麻生北35条店,北海道札幌市北区北３５条西４丁目２−１５,43.102505,141.340012
サツドラ,サツドラ麻生北40条店,北海道札幌市東区北40条東1丁目1番27号,43.1081478,141.3452307
サツドラ,サツドラ麻生北40条店,北海道札幌市東区北４０条東１丁目１−２７,43.108067,141.34552
サンドラッグ,サンドラッグ BiVi新さっぽろ店,北海道札幌市厚別区厚別中央１条６丁目３−３1階,43.038967,141.475037
サンドラッグ,サンドラッグ ウェスタン川端店,北海道旭川市川端町７条１０丁目１−２２１３,43.782028,142.337631
サンドラッグ,サンドラッグ ベストム東神楽店,北海道上川郡東神楽町ひじり野南１条５丁目１−１,43.722176,142.409149
サンドラッグ,サンドラッグ 上野幌店,北海道札幌市厚別区上野幌３条４丁目１９−２６,43.010155,141.474136
サンドラッグ,サンドラッグ 伏古6条店,北海道札幌市東区伏古６条４丁目１−１,43.087883,141.393906
サンドラッグ,サンドラッグ 函館美原店,"北海道函館市美原１丁目７−１1,ＭＥＧＡドン・キホーテ函館店",41.813404,140.756302
サンドラッグ,サンドラッグ 北34条西店,北海道札幌市北区北３４条西１１丁目３−１６,43.103882,141.330368
サンドラッグ,サンドラッグ 北二十条店,北海道札幌市東区北２０条東８丁目１−３,43.086964,141.36235
サンドラッグ,サンドラッグ 北四十一条店,北海道札幌市東区北４１条東９丁目３−３−１,43.111679,141.358643
サンドラッグ,サンドラッグ 北広島店,北海道北広島市美沢１丁目２−５,42.984703,141.559555
サンドラッグ,サンドラッグ 北見店,北海道北見市とん田西町２１８−５,43.798416,143.874069
サンドラッグ,サンドラッグ 北郷店,北海道札幌市白石区北郷３条６丁目１−１６,43.055325,141.420517
サンドラッグ,サンドラッグ 北野4条店,北海道札幌市清田区北野４条２丁目８−３３,43.016518,141.435043
サンドラッグ,サンドラッグ 南4条店,北海道札幌市中央区南４条西１８丁目１−１５,43.053917,141.329483
サンドラッグ,サンドラッグ 南郷４丁目店,北海道札幌市白石区南郷通４丁目北１−３６,43.043503,141.404877
サンドラッグ,サンドラッグ 小樽南店,北海道小樽市入船１丁目７−１１,43.187477,141.003067
サンドラッグ,サンドラッグ 小樽稲穂店,北海道小樽市稲穂５丁目１０−１,43.203484,140.994064
サンドラッグ,サンドラッグ 屯田店,北海道札幌市北区屯田８条４丁目１−２４,43.139221,141.339462
サンドラッグ,サンドラッグ 岩見沢8条東店,北海道岩見沢市８条東１１丁目８−１９,43.204243,141.781815
サンドラッグ,サンドラッグ 岩見沢十条西店,北海道岩見沢市１０条西１９丁目１−１,43.188442,141.754929
サンドラッグ,サンドラッグ 平岡3条店,北海道札幌市清田区平岡３条１丁目１−８,43.004539,141.445236
サンドラッグ,サンドラッグ 忠和店,北海道旭川市忠和６条８丁目１−１４,43.768532,142.323318
サンドラッグ,サンドラッグ 手稲前田店,北海道札幌市手稲区前田５条１３丁目３−１,43.127407,141.247421
サンドラッグ,サンドラッグ 新琴似店,北海道札幌市北区新琴似７条１２丁目３−１２−３,43.11985,141.314987
サンドラッグ,サンドラッグ 新発寒5条店,北海道札幌市手稲区新発寒５条３丁目１−１４,43.112965,141.273315
サンドラッグ,サンドラッグ 旭川シーナ店,北海道旭川市永山３条１−１５−１,43.78606,142.396744
サンドラッグ,サンドラッグ 旭町店,北海道釧路市川上町９丁目７,42.98735,144.390289
サンドラッグ,サンドラッグ 明野店,北海道苫小牧市明野新町５丁目１８−２７,42.663258,141.634415
サンドラッグ,サンドラッグ 星が浦店,北海道釧路市星が浦大通２丁目６−６−１,43.014282,144.324615
サンドラッグ,サンドラッグ 星置店,北海道札幌市手稲区星置１条３丁目２−２,43.133213,141.210068
サンドラッグ,サンドラッグ 春光店,北海道旭川市末広４条１丁目１−４５２−７７,43.807533,142.374588
サンドラッグ,サンドラッグ 春採店,北海道釧路市春採４丁目９−１２,42.969242,144.408859
サンドラッグ,サンドラッグ 月寒西店,北海道札幌市豊平区月寒西３条１０丁目２−３０,43.023857,141.391724
サンドラッグ,サンドラッグ 東光店,北海道旭川市豊岡１条５丁目１,43.755184,142.404282
サンドラッグ,サンドラッグ 松陰店,北海道函館市松陰町２１−２１,41.791626,140.762482
サンドラッグ,サンドラッグ 永山ウエスタンパワーズ店,北海道旭川市永山１２条３丁目１２２−５５,43.779881,142.412537
サンドラッグ,サンドラッグ 田家店,北海道函館市田家町１７−４０,41.797932,140.743744
サンドラッグ,サンドラッグ 発寒6条店,北海道札幌市西区発寒６条９丁目１７−４０2F,43.088448,141.280243
サンドラッグ,サンドラッグ 白樺通18条店,北海道帯広市西１８条南３丁目２７−３１,42.918762,143.159073
サンドラッグ,サンドラッグ 美しが丘店,北海道札幌市清田区美しが丘３条４丁目１−２０,42.981689,141.452103
サンドラッグ,サンドラッグ 美原二丁目店,北海道函館市美原２丁目１７−１,41.817451,140.755173
サンドラッグ,サンドラッグ 花川北店,北海道石狩市花川北６条１丁目１５−１,43.170597,141.313797
サンドラッグ,サンドラッグ 苫小牧ときわ店,北海道苫小牧市ときわ町３丁目１６−５,42.615261,141.50679
サンドラッグ,サンドラッグ 苫小牧三光店,北海道苫小牧市三光町５丁目７−１４,42.655598,141.612823
サンドラッグ,サンドラッグ 苫小牧緑町,北海道苫小牧市緑町２丁目８−１０,42.64344,141.596008
サンドラッグ,サンドラッグ 藤野店,北海道札幌市南区藤野２条４丁目１−１,42.961418,141.304214
サンドラッグ,サンドラッグ 西5条弥生店,北海道帯広市西５条南２８丁目１−２,42.899406,143.199966
サンドラッグ,サンドラッグ 西岡店,北海道札幌市豊平区西岡３条５丁目４−１０,43.015915,141.387756
サンドラッグ,サンドラッグ 西帯広店,北海道帯広市西２１条南４丁目４−１,42.907864,143.144058
サンドラッグ,サンドラッグ 西野3条店,北海道札幌市西区西野３条６丁目２−１０,43.076538,141.274719
サンドラッグ,サンドラッグ 豊岡7条店,北海道旭川市豊岡７条８丁目１−４,43.763996,142.416489
サンドラッグ,サンドラッグ北見青葉,北海道北見市青葉町１２−２３,43.815296,143.897568
サンドラッグ,サンドラッグ帯広西８条南店,北海道帯広市西８条南１１丁目2−１,42.918976,143.193329
サンドラッグ,サンドラッグ狸小路２丁目,北海道札幌市中央区南３条西２丁目１２−１,43.057285,141.355255
サンドラッグ,サンドラッグ稲田店,北海道帯広市稲田町南８線１０,42.889568,143.194824
サンドラッグ,サンドラッグ苫小牧光洋,北海道苫小牧市光洋町１丁目１４−１２,42.623745,141.564957
サンドラッグ,サンドラッグ菊水元町店,北海道札幌市白石区菊水元町３条３丁目１−２１,43.066708,141.402802
サンドラッグ,サンドラッグ釧路睦店,北海道釧路郡釧路町睦１丁目１−１,43.010246,144.411438
サンドラッグ,サンドラッグ鳥取大通店,北海道釧路市鳥取大通２丁目２−２４,43.011002,144.360641
サンドラッグ,㈱サンドラッグプラス 本社,北海道札幌市東区北４１条東９丁目３−１,43.111641,141.358414
サンドラッグ,名寄市,北海道中北部に位置し、上川総合振興局に属する市である。ウィキペディア,42.697865,143.134399
サンドラッグ,根室市,北海道東部にある市。根室振興局の振興局所在地。北海道本島最東端の自治体かつ、日本の市で最も東に位置する。ウィキペディア,43.696491,142.451263
サンドラッグ,留萌市,北海道北西部の市。留萌振興局の振興局所在地。ウィキペディア,43.802906,143.894684
サンドラッグ,稚内市,北海道北部にある市。沖合漁業を中心とする水産都市として発展した、宗谷地域に位置する北海道北部の中核都市で、宗谷総合振興局の振興局所在地である。北方領土を除く日本本土の最北端に位置する。ウィキペディア,43.802906,143.894684
セイムス,ドラッグセイムス 北１８条店,北海道札幌市北区北１７条西４丁目２−２１,43.081406,141.345993
セイムス,ドラッグセイムス 岩見沢２条東店,北海道岩見沢市２条東１５丁目５−２,43.214729,141.783676
セイムス,ドラッグセイムス 平和通店,北海道札幌市白石区平和通１丁目南２−３,43.054039,141.405182
セイムス,ドラッグセイムス 札幌琴似2条店,北海道札幌市西区琴似２条３丁目１−５,43.077621,141.304672
セイムス,ドラッグセイムス 札幌苗穂店,北海道札幌市東区北１２条東１７丁目１−１,43.078712,141.378296
セイムス,ドラッグセイムス 環状通美園店,北海道札幌市白石区東札幌１条６丁目１−１３,43.043262,141.392654
セイムス,ドラッグセイムス 美唄駅東店,北海道上川郡美唄市東２条南１丁目１−２,43.588284,142.46698
ツルハドラッグ,クスリのツルハ 川沿店,北海道札幌市川沿1条1丁目2-45,43.000247,141.337008
ツルハドラッグ,ツルハドラック,北海道札幌市中央区北５条西１８丁目９−６premiumgarden北円山１F,43.064507,141.327393
ツルハドラッグ,ツルハドラッグ OK店,北海道河東郡音更町木野大通西17丁目,42.97070389,143.2062936
ツルハドラッグ,ツルハドラッグ あいの里店,北海道札幌市あいの里2条6丁目1番28号,43.15872839585506,141.400263881145
ツルハドラッグ,ツルハドラッグ あいの里店,北海道札幌市北区あいの里２条６丁目１−２８,43.15873,141.400101
ツルハドラッグ,ツルハドラッグ すずらん台店,北海道河東郡音更町すずらん台仲町1丁目1-1,42.95230290679402,143.1868076203374
ツルハドラッグ,ツルハドラッグ つくしケ丘店,北海道網走市つくしケ丘1丁目3番1号,43.996426,144.288512
ツルハドラッグ,ツルハドラッグ ひばりが丘店,北海道札幌市厚別南２丁目１０番地４,43.0330604587876,141.46923540779017
ツルハドラッグ,ツルハドラッグ むかわ店,北海道勇払郡むかわ町末広2丁目125番地,42.577484089141535,141.9265271000219
ツルハドラッグ,ツルハドラッグ クレッセ琴似店,北海道札幌市琴似3条7丁目5番1号,43.074727401104006,141.29798696368266
ツルハドラッグ,ツルハドラッグ マックスバリュ 深川店 - 閉店,北海道深川市５条２０マックスバリュ深川店内,43.723129,142.059662
ツルハドラッグ,ツルハドラッグ マックスバリュ恵庭店,北海道恵庭市恵央町11-1,42.89346331,141.5696955
ツルハドラッグ,ツルハドラッグ マックスバリュ恵庭店,北海道恵庭市恵央町１１−１,42.893002,141.569504
ツルハドラッグ,ツルハドラッグ マックスバリュ静内店,北海道日高郡新ひだか静内木場1丁目1-69,42.3403388954457,142.35804685805033
ツルハドラッグ,ツルハドラッグ 七飯大川店,北海道亀田郡七飯町大川1-2-13,41.85355613662028,140.7199944196434
ツルハドラッグ,ツルハドラッグ 七飯店,北海道亀田郡七飯町本町4丁目1番41号,41.89535512229914,140.69133815752656
ツルハドラッグ,ツルハドラッグ 七飯鳴川店,北海道亀田郡七飯町鳴川3丁目26-8,41.888187,140.6946
ツルハドラッグ,ツルハドラッグ 三笠店,北海道三笠市若松町12-7,43.24528359501538,141.87122884975267
ツルハドラッグ,ツルハドラッグ 上富良野旭町店,北海道空知郡上富良野町旭町4丁目212-108,43.46041147360003,142.47752909760064
ツルハドラッグ,ツルハドラッグ 上江別店,北海道江別市上江別443番地-1,43.099620698850906,141.54581019186867
ツルハドラッグ,ツルハドラッグ 上野幌店,北海道札幌市上野幌3条2丁目1番5号,43.01279614324385,141.46904757299703
ツルハドラッグ,ツルハドラッグ 中の島2条店,北海道札幌市中の島二条9丁目4番21号,43.02281183939354,141.3573093521843
ツルハドラッグ,ツルハドラッグ 中標津中央店,北海道標津郡中標津町東5条北1丁目1-1,43.55142306785631,144.97764899374891
ツルハドラッグ,ツルハドラッグ 中標津店,北海道標津郡中標津町東15条南1丁目,43.55537613119034,144.98760073133784
ツルハドラッグ,ツルハドラッグ 中標津東店,北海道標津郡中標津町東18条南11丁目1-1,43.55133969,144.9969363
ツルハドラッグ,ツルハドラッグ 亀田本町店,北海道函館市亀田本町4番5号,41.80192420304188,140.73932110816665
ツルハドラッグ,ツルハドラッグ 亀田本町店,北海道函館市亀田本町４−５,41.802078,140.739059
ツルハドラッグ,ツルハドラッグ 五稜郭店,北海道函館市港町１丁目１−２,41.800835,140.733536
ツルハドラッグ,ツルハドラッグ 代々木店,北海道江別市野幌代々木町77-1,43.09437091,141.5211153
ツルハドラッグ,ツルハドラッグ 代々木店,北海道江別市野幌代々木町77−１,43.094646,141.521042
ツルハドラッグ,ツルハドラッグ 伊達店,北海道伊達市末永町7番1,42.47365696568384,140.8609840118993
ツルハドラッグ,ツルハドラッグ 伊達末永店,北海道伊達市末永町49-54,42.477878274070136,140.86825506879822
ツルハドラッグ,ツルハドラッグ 伊達舟岡店,北海道伊達市舟岡町158-1,42.46463194,140.8742455
ツルハドラッグ,ツルハドラッグ 伏古11条店,北海道札幌市伏古１１条４丁目1番７号,43.09554297263036,141.4003830291114
ツルハドラッグ,ツルハドラッグ 伏古店,北海道札幌市伏古5条4丁目,43.0867052909236,141.3931794182783
ツルハドラッグ,ツルハドラッグ 余市大川店,北海道余市郡大川町18丁目12番地,43.19159957105861,140.81492629914695
ツルハドラッグ,ツルハドラッグ 余市店,北海道余市郡大川町8丁目100-1,43.18899317065235,140.79967199122476
ツルハドラッグ,ツルハドラッグ 倶知安南店,北海道虻田郡倶知安町南11条西1丁目,42.88939724729074,140.75016410344637
ツルハドラッグ,ツルハドラッグ 倶知安店,北海道虻田郡倶知安町南6条西1丁目15-5,42.89567984,140.7515359
ツルハドラッグ,ツルハドラッグ 倶知安駅前通店,北海道虻田郡倶知安町南1条西1丁目27,42.901044,140.752201
ツルハドラッグ,ツルハドラッグ 元町店,北海道札幌市北24条東20丁目1-21,43.09479664494672,141.3822677777024
ツルハドラッグ,ツルハドラッグ 元町駅前店,北海道札幌市北23条東16丁目1-11,43.09343442651572,141.37205506111928
ツルハドラッグ,ツルハドラッグ 元町駅前店,北海道札幌市東区北２３条東１６丁目１−１１,43.093456,141.372009
ツルハドラッグ,ツルハドラッグ 八軒店,北海道札幌市八軒6条西6丁目3番1号,43.092262466366826,141.30704747275684
ツルハドラッグ,ツルハドラッグ 八軒店,北海道札幌市西区八軒６条西６丁目３−１,43.091885,141.307022
ツルハドラッグ,ツルハドラッグ 八雲店,北海道二海郡八雲町東雲町17番地47,42.251185407449306,140.2839645763773
ツルハドラッグ,ツルハドラッグ 八雲本町店,北海道二海郡八雲町本町152-1,42.25255517474758,140.27553259482875
ツルハドラッグ,ツルハドラッグ 共和店,北海道岩内郡共和町梨野舞納50-4,42.9828489376706,140.53687934734023
ツルハドラッグ,ツルハドラッグ 円山店,北海道札幌市北1条西24丁目4-1,43.058706,141.320543
ツルハドラッグ,ツルハドラッグ 円山店,北海道札幌市中央区北１条西２４丁目４−１東光ストア円山店内,43.058517,141.32103
ツルハドラッグ,ツルハドラッグ 函館人見店,北海道函館市人見町25番1号,41.78134494890696,140.7614479404928
ツルハドラッグ,ツルハドラッグ 函館人見店,北海道函館市人見町２５−１,41.78112,140.761154
ツルハドラッグ,ツルハドラッグ 函館大町店,北海道函館市大町3番21号,41.76897932602954,140.70958212259612
ツルハドラッグ,ツルハドラッグ 函館大町店,北海道函館市大町３−２１,41.768925,140.710007
ツルハドラッグ,ツルハドラッグ 函館日吉店,北海道函館市日吉町4丁目16-31,41.80405483605463,140.79077323213298
ツルハドラッグ,ツルハドラッグ 函館日吉店,北海道函館市日吉町４丁目１６−３１,41.803535,140.791061
ツルハドラッグ,ツルハドラッグ 函館松風店,北海道函館市松風町１２−６,41.771358,140.733246
ツルハドラッグ,ツルハドラッグ 函館柳町店,北海道函館市柳町13番1号,41.79230541363625,140.76413284591038
ツルハドラッグ,ツルハドラッグ 函館柳町店,北海道函館市柳町１３−１,41.792168,140.764175
ツルハドラッグ,ツルハドラッグ 函館桔梗南店,北海道函館市桔梗2丁目10番8号,41.83625145769953,140.72839261045698
ツルハドラッグ,ツルハドラッグ 函館桔梗店,北海道函館市桔梗3丁目30番18号,41.844765781185146,140.7261523846068
ツルハドラッグ,ツルハドラッグ 函館湯川西店,北海道函館市湯川町1丁目24番16号,41.77951390153747,140.78224822209015
ツルハドラッグ,ツルハドラッグ 函館的場店,北海道函館市的場町10番3号,41.77744877407519,140.75096055716463
ツルハドラッグ,ツルハドラッグ 函館的場店,北海道函館市的場町１０−３,41.777267,140.750626
ツルハドラッグ,ツルハドラッグ 函館石川店,北海道函館市石川町315-9,41.82541773896512,140.74111979011263
ツルハドラッグ,ツルハドラッグ 函館石川店,北海道函館市石川町３１５−９,41.825195,140.74057
ツルハドラッグ,ツルハドラッグ 函館花園店,北海道函館市日吉町3丁目45番31号,41.79605748263155,140.78087478611283
ツルハドラッグ,ツルハドラッグ 函館花園店,北海道函館市日吉町３丁目４５−３１,41.796444,140.780731
ツルハドラッグ,ツルハドラッグ 函館若松店,北海道函館市36番21号,41.77703069691201,140.73311314970283
ツルハドラッグ,ツルハドラッグ 函館若松店,北海道函館市若松町３６−２１,41.776653,140.733231
ツルハドラッグ,ツルハドラッグ 函館鍛治店,北海道函館市鍛治２丁目２２−８,41.808006,140.763
ツルハドラッグ,ツルハドラッグ 別海店,北海道野付郡別海町別海旭町150-22,43.392986680352806,145.12834418124802
ツルハドラッグ,ツルハドラッグ 北10条店,北海道札幌市北10条東5丁目1-40,43.07448201289181,141.3615575141035
ツルハドラッグ,ツルハドラッグ 北10条店,北海道札幌市東区北１０条東５丁目１−４０,43.074188,141.361191
ツルハドラッグ,ツルハドラッグ 北10条西店,北海道札幌市北10条西3丁目9-2,43.073482034305584,141.34979992385755
ツルハドラッグ,ツルハドラッグ 北10条西店,北海道札幌市北区北１０条西３丁目9−２THEPLACESAPPORO１F,43.073437,141.34964
ツルハドラッグ,ツルハドラッグ 北12条店,北海道札幌市北12条東8丁目1番15号,43.0777142120279,141.36500623067116
ツルハドラッグ,ツルハドラッグ 北12条駅前店,北海道札幌市北12条西3丁目1番6号,43.07510367490782,141.34936585139198
ツルハドラッグ,ツルハドラッグ 北24条中央店,北海道札幌市北24条西4丁目2番8号,43.0905104854694,141.343133261462
ツルハドラッグ,ツルハドラッグ 北24条中央店,北海道札幌市北区北２４条西４丁目２−８パワービルN241階,43.090534,141.343048
ツルハドラッグ,ツルハドラッグ 北24条店,北海道札幌市北24条西4丁目1番20号,43.090777,141.344277
ツルハドラッグ,ツルハドラッグ 北24条西店,北海道札幌市北区北区北２４条西９丁目１−１,43.073589,141.352982
ツルハドラッグ,ツルハドラッグ 北26条店,北海道札幌市北26条東15丁目1-15,43.09695517040841,141.36962791754013
ツルハドラッグ,ツルハドラッグ 北35条店,北海道札幌市北35条東3丁目1-1,43.10352383307893,141.35053102917954
ツルハドラッグ,ツルハドラッグ 北35条店,北海道札幌市東区北３５条東３丁目１−１,43.103291,141.350464
ツルハドラッグ,ツルハドラッグ 北35条東店,北海道札幌市北35条東19丁目１番15号,43.10789341577252,141.37504555092622
ツルハドラッグ,ツルハドラッグ 北35条東店,北海道札幌市東区北３５条東１９丁目１−１５,43.106712,141.374817
ツルハドラッグ,ツルハドラッグ 北36条西店,北海道札幌市北36条西9丁目2番10号,43.10553520870105,141.3326865079795
ツルハドラッグ,ツルハドラッグ 北41条店,北海道札幌市北41条東5丁目2番18号,43.11024378384376,141.35249363710253
ツルハドラッグ,ツルハドラッグ 北41条店,北海道札幌市東区北４１条東５丁目２−１８,43.110775,141.352386
ツルハドラッグ,ツルハドラッグ 北4条店,北海道札幌市中央区北４条西１８丁目8番１プレミアムガーデン北円山1Ｆ,43.062893,141.328201
ツルハドラッグ,ツルハドラッグ 北50条店,北海道札幌市北５０条東８丁目１番３８号,43.12277982058261,141.354585090716
ツルハドラッグ,ツルハドラッグ 北6条店,北海道札幌市北６条東３丁目1-1,43.069708,141.359371
ツルハドラッグ,ツルハドラッグ 北6条店,北海道札幌市東区北６条東３丁目1−１ダ・ヴィンチモール１階,43.069881,141.358719
ツルハドラッグ,ツルハドラッグ 北光店,北海道深川市北光町3丁目4番10号,43.73181867696838,142.03934060843423
ツルハドラッグ,ツルハドラッグ 北光店,北海道深川市北光町３丁目４10号,43.73251,142.040512
ツルハドラッグ,ツルハドラッグ 北円山店,北海道札幌市北2条西28丁目1番26号,43.0589675650604,141.314062163614
ツルハドラッグ,ツルハドラッグ 北円山店,北海道札幌市中央区北２条西２８丁目１−２６,43.059208,141.314087
ツルハドラッグ,ツルハドラッグ 北広島中央店,北海道北広島市中央５丁目６番地５,42.980278755060255,141.56396585152055
ツルハドラッグ,ツルハドラッグ 北広島大曲店,北海道北広島市大曲幸町7丁目1-3,42.971739648737085,141.46831846697197
ツルハドラッグ,ツルハドラッグ 北広島店,北海道北広島市美沢4丁目1番地1,42.98188388704504,141.5549723024641
ツルハドラッグ,ツルハドラッグ 北斗七重浜店,北海道北斗市七重浜７丁目3-41,41.816239,140.703218
ツルハドラッグ,ツルハドラッグ 北斗中野通店,北海道北斗市中野通199番1,41.827150609329856,140.648212434992
ツルハドラッグ,ツルハドラッグ 北美原店,北海道函館市美原5丁目40番8号,41.82750076681594,140.75384246037015
ツルハドラッグ,ツルハドラッグ 北美原店,北海道函館市美原５丁目４０−８,41.827698,140.753448
ツルハドラッグ,ツルハドラッグ 北見とん田西町店,北海道北見市とん田西町308番地1,43.79300518659953,143.87813238993522
ツルハドラッグ,ツルハドラッグ 北見メッセ店,北海道北見市中央三輪５丁目423番地5,43.796436,143.856415
ツルハドラッグ,ツルハドラッグ 北見三輪北店,北海道北見市中央三輪２丁目３１３−１,43.801895,143.851517
ツルハドラッグ,ツルハドラッグ 北見中央三輪店,北海道北見市中央三輪2丁目401-2,43.79800459874633,143.8510583773407
ツルハドラッグ,ツルハドラッグ 北見中央三輪店,北海道北見市中央三輪２丁目４０１−２,43.79903,143.851868
ツルハドラッグ,ツルハドラッグ 北見公園店,北海道北見市公園町１３９−１０,43.819035,143.907898
ツルハドラッグ,ツルハドラッグ 北見北斗店,北海道北見市北斗町3丁目4番8号,43.81298217886105,143.88353385741587
ツルハドラッグ,ツルハドラッグ 北見北斗店,北海道北見市北斗町３丁目４8号,43.812969,143.884201
ツルハドラッグ,ツルハドラッグ 北見南町店,北海道北見市南町1丁目8番5号,43.79708786772893,143.90045851418972
ツルハドラッグ,ツルハドラッグ 北見南町店,北海道北見市南町１丁目８−５,43.797413,143.900314
ツルハドラッグ,ツルハドラッグ 北見春光店,北海道北見市春光町1丁目49番地11,43.82307730611088,143.9162283061892
ツルハドラッグ,ツルハドラッグ 北見東三輪店,北海道北見市東三輪3丁目21番1,43.797659,143.860906
ツルハドラッグ,ツルハドラッグ 北見留辺蘂店,北海道北見市留辺蘂町旭公園95-9,43.78067546859016,143.61280521714423
ツルハドラッグ,ツルハドラッグ 北見留辺蘂店,北海道北見市留辺蘂町旭公園95−９,43.780266,143.609879
ツルハドラッグ,ツルハドラッグ 北見美芳店,北海道北見市美芳町8丁目3番9号,43.80368771333093,143.8781108258525
ツルハドラッグ,ツルハドラッグ 北見美芳店,北海道北見市美芳町８丁目３9号,43.804008,143.878815
ツルハドラッグ,ツルハドラッグ 北見美芳東店,北海道北見市美芳町7丁目1番7号,43.80428715779877,143.8836453146518
ツルハドラッグ,ツルハドラッグ 北見美芳東店,北海道北見市美芳町７丁目１−７,43.804085,143.883942
ツルハドラッグ,ツルハドラッグ 北見高栄店,北海道北見市高栄西町7丁目6番12号,43.814828,143.85962
ツルハドラッグ,ツルハドラッグ 北見高栄店,北海道北見市高栄西町７丁目６−１２,43.814362,143.859406
ツルハドラッグ,ツルハドラッグ 北郷4条店,北海道札幌市北郷4条13丁目3番1号,43.05261968273979,141.44021351778423
ツルハドラッグ,ツルハドラッグ 北郷店,北海道札幌市北郷2条3丁目3-10,43.06057801406025,141.4101305585543
ツルハドラッグ,ツルハドラッグ 北野6条店,北海道札幌市北野6条2丁目14-10,43.022536086849776,141.4342230502589
ツルハドラッグ,ツルハドラッグ 北野店,北海道札幌市北野7条5丁目12番20号,43.01807309901383,141.4528422772114
ツルハドラッグ,ツルハドラッグ 北陽店 - 閉店,北海道千歳市北陽１丁目１２−６,42.846344,141.642548
ツルハドラッグ,ツルハドラッグ 千歳住吉店,北海道千歳市住吉2丁目7番8号,42.8290342406718,141.66394664785662
ツルハドラッグ,ツルハドラッグ 千歳住吉店,北海道千歳市住吉２丁目７−８,42.829288,141.663681
ツルハドラッグ,ツルハドラッグ 千歳北陽店,北海道千歳市あずさ4丁目3番1号,42.84713522288798,141.6447419547702
ツルハドラッグ,ツルハドラッグ 千歳北陽店,北海道千歳市あずさ４丁目３−１,42.848839,141.646896
ツルハドラッグ,ツルハドラッグ 千歳向陽台店,北海道千歳市白樺2丁目6番2,42.78738506285461,141.59868936282328
ツルハドラッグ,ツルハドラッグ 千歳新富店,北海道千歳市新富１丁目５10号,42.830421,141.637054
ツルハドラッグ,ツルハドラッグ 千歳東郊店,北海道千歳市東郊1丁目２,42.8363539,141.6581851
ツルハドラッグ,ツルハドラッグ 千歳緑町店,北海道千歳市緑町２丁目１−５８,42.824642,141.639648
ツルハドラッグ,ツルハドラッグ 千歳長都店,北海道千歳市長都駅前2丁目842番地2,42.85337210577877,141.62581063686895
ツルハドラッグ,ツルハドラッグ 千歳高台店,北海道千歳市高台4丁目3番5号,42.837759,141.653165
ツルハドラッグ,ツルハドラッグ 千歳高台店,北海道千歳市高台４丁目３5号,42.836876,141.653
ツルハドラッグ,ツルハドラッグ 南14条店,北海道札幌市南14条西14丁目,43.04052026906729,141.33675801165677
ツルハドラッグ,ツルハドラッグ 南14条店,北海道札幌市中央区南１４条西１４丁目,43.040531,141.337326
ツルハドラッグ,ツルハドラッグ 南20条店,北海道札幌市南20条西14丁目1-32,43.03273481781223,141.33789060482408
ツルハドラッグ,ツルハドラッグ 南22条店,北海道札幌市南22条西10丁目5-1,43.030069957558574,141.34532193596368
ツルハドラッグ,ツルハドラッグ 南6条店,北海道札幌市南6条西9丁目1018番地2,43.05250492716899,141.3443727920229
ツルハドラッグ,ツルハドラッグ 南6条店,北海道札幌市中央区南６条西９丁目1018番地2,43.052334,141.344971
ツルハドラッグ,ツルハドラッグ 南8条店,北海道札幌市中央区南８条西７丁目１０３７−２７,43.048611,141.348907
ツルハドラッグ,ツルハドラッグ 南幌店,北海道空知郡南幌町中央2丁目1番2号,43.058566,141.654005
ツルハドラッグ,ツルハドラッグ 南滝の川店,北海道滝川市南滝の川131-5,43.57026423922136,141.93290649900686
ツルハドラッグ,ツルハドラッグ 南稚内店,北海道稚内市大黒２丁目3番3号,45.39881794898246,141.68437854431917
ツルハドラッグ,ツルハドラッグ 南稚内店,北海道稚内市大黒２丁目３−３,45.399014,141.684006
ツルハドラッグ,ツルハドラッグ 南郷20丁目店,北海道札幌市南郷20丁目南4番15号,43.028653,141.44109
ツルハドラッグ,ツルハドラッグ 厚別南中央店,北海道札幌市厚別南1丁目18番20号,43.0282493,141.4648891
ツルハドラッグ,ツルハドラッグ 厚別南店,北海道札幌市厚別南5丁目22-50,43.02212051355147,141.47438446591866
ツルハドラッグ,ツルハドラッグ 厚別東2条店,北海道札幌市厚別東2条1丁目2番10号,43.04223017219134,141.479959433649
ツルハドラッグ,ツルハドラッグ 厚別東2条店,北海道札幌市厚別区厚別東２条１丁目２−１０,43.041988,141.479858
ツルハドラッグ,ツルハドラッグ 厚別東店,北海道札幌市厚別東5条3丁目24-7,43.04975037198561,141.48132739607033
ツルハドラッグ,ツルハドラッグ 厚別東店,北海道札幌市厚別区厚別東５条３丁目２４−７,43.0508,141.479187
ツルハドラッグ,ツルハドラッグ 厚別西店,北海道札幌市厚別西3条4丁目1番33号,43.04961704926385,141.46508029571734
ツルハドラッグ,ツルハドラッグ 厚別西店,北海道札幌市厚別区厚別西３条４丁目１−３３,43.049488,141.465073
ツルハドラッグ,ツルハドラッグ 厚岸店,北海道厚岸郡厚岸町港町4丁目166番,43.04958916854569,144.85647078183814
ツルハドラッグ,ツルハドラッグ 名寄徳田南店,北海道名寄市徳田359番地8,44.33571661,142.4544334
ツルハドラッグ,ツルハドラッグ 名寄徳田店,北海道名寄市徳田88-6,44.33719966941097,142.45183483750714
ツルハドラッグ,ツルハドラッグ 名寄徳田店,北海道名寄市徳田８８−６,44.338459,142.452606
ツルハドラッグ,ツルハドラッグ 名寄西4条店,北海道名寄市南6丁目8番地,44.34986842540715,142.45749095737747
ツルハドラッグ,ツルハドラッグ 名寄西4条店,北海道名寄市西4条６丁目南6丁目8番地,44.356926,142.457184
ツルハドラッグ,ツルハドラッグ 士別中央店,北海道士別市東4条5丁目14番地,44.1770966641206,142.39829282658852
ツルハドラッグ,ツルハドラッグ 士別店,北海道士別市16丁目3141-192,44.16542777642832,142.39518883425447
ツルハドラッグ,ツルハドラッグ 夕陽ケ丘店,北海道北見市北進町1丁目13-26,43.8086962133009,143.8716812766865
ツルハドラッグ,ツルハドラッグ 夕陽ケ丘店,北海道北見市北進町１丁目１３−２６,43.808979,143.871765
ツルハドラッグ,ツルハドラッグ 大谷地店,北海道札幌市南郷通18丁目南5-20,43.02950459230602,141.43467926539924
ツルハドラッグ,ツルハドラッグ 大谷地東店,北海道札幌市大谷地東3丁目3番20号,43.02647077,141.4535987
ツルハドラッグ,ツルハドラッグ 大麻中央店,北海道江別市大麻南樹町1-3,43.083287,141.504095
ツルハドラッグ,ツルハドラッグ 大麻中央店,北海道江別市大麻南樹町1−３,43.082783,141.503601
ツルハドラッグ,ツルハドラッグ 大麻北店,北海道江別市大麻北町521-34,43.08657254656359,141.50023663437304
ツルハドラッグ,ツルハドラッグ 大麻北店,北海道江別市大麻北町５２１−３４,43.087791,141.499725
ツルハドラッグ,ツルハドラッグ 大麻店,北海道江別市大麻東町14−５,43.08091,141.500153
ツルハドラッグ,ツルハドラッグ 天塩店,北海道天塩郡天塩町字川口5690-3,44.89155225000626,141.74662519344173
ツルハドラッグ,ツルハドラッグ 女満別店,北海道網走郡大空町女満別西4条4丁目2番8号,43.909562,144.171551
ツルハドラッグ,ツルハドラッグ 室蘭中島北店,北海道室蘭市中島町1丁目28番6号,42.3556614,141.0197582
ツルハドラッグ,ツルハドラッグ 室蘭中島北店,北海道室蘭市中島町１丁目２８−６,42.355938,141.019699
ツルハドラッグ,ツルハドラッグ 室蘭宮の森店,北海道室蘭市宮の森町4丁目10番1号,42.354741,141.026587
ツルハドラッグ,ツルハドラッグ 室蘭宮の森店,北海道室蘭市宮の森町４丁目１０,42.354591,141.026398
ツルハドラッグ,ツルハドラッグ 室蘭寿町店,北海道室蘭市2丁目14番2号,42.350434829520005,141.03564927703815
ツルハドラッグ,ツルハドラッグ 室蘭寿町店,北海道室蘭市寿町２丁目１４,42.35001,141.035233
ツルハドラッグ,ツルハドラッグ 室蘭母恋店,北海道室蘭市母恋北町2丁目2番5号,42.31658518382346,140.98936127110474
ツルハドラッグ,ツルハドラッグ 室蘭母恋店,北海道室蘭市母恋北町２丁目２−５,42.316406,140.989685
ツルハドラッグ,ツルハドラッグ 室蘭築地店,北海道室蘭市築地町89番地31,42.331516,140.964988
ツルハドラッグ,ツルハドラッグ 室蘭輪西店,北海道室蘭市輪西町1丁目33,42.33308092052517,141.01137395341388
ツルハドラッグ,ツルハドラッグ 室蘭輪西店,北海道室蘭市輪西町１丁目３３−３３,42.333282,141.011261
ツルハドラッグ,ツルハドラッグ 宮の森3条店,北海道札幌市中央区宮の森３条６丁目２−１５,43.062328,141.305161
ツルハドラッグ,ツルハドラッグ 宮の沢店,北海道札幌市宮の沢1条4丁目8-27,43.09425339,141.2689769
ツルハドラッグ,ツルハドラッグ 宮前店,北海道旭川市宮前1条3丁目2番12号,43.758679,142.37332
ツルハドラッグ,ツルハドラッグ 宮前店,北海道旭川市宮前１条３丁目２−１２,43.758457,142.37439
ツルハドラッグ,ツルハドラッグ 富良野弥生店,北海道富良野市弥生町４番３６号,43.34463918386847,142.37913252651725
ツルハドラッグ,ツルハドラッグ 富良野弥生店,北海道富良野市弥生町４４番３６号,43.342297,142.378174
ツルハドラッグ,ツルハドラッグ 富良野日の出店,北海道富良野市日の出町6-2,43.346366,142.3898285
ツルハドラッグ,ツルハドラッグ 富良野日の出店,北海道富良野市日の出町６−２,43.346111,142.389389
ツルハドラッグ,ツルハドラッグ 富良野緑町店,北海道富良野市緑町１−１４,43.338318,142.394882
ツルハドラッグ,ツルハドラッグ 小樽堺町店,北海道小樽市入船1丁目1番1号,43.1908,141.007105
ツルハドラッグ,ツルハドラッグ 小樽堺町店,北海道小樽市入船１丁目１−１,43.189663,141.005798
ツルハドラッグ,ツルハドラッグ 小樽奥沢店,北海道小樽市奥沢1丁目12番6号,43.1795547852285,141.00318985599256
ツルハドラッグ,ツルハドラッグ 小樽奥沢店,北海道小樽市奥沢１丁目１２−６,43.179268,141.003067
ツルハドラッグ,ツルハドラッグ 小樽店,北海道小樽市稲穂2丁目9番10号,43.19822690448773,140.9965468848281
ツルハドラッグ,ツルハドラッグ 小樽店,北海道小樽市稲穂２丁目９−１０,43.198162,140.996521
ツルハドラッグ,ツルハドラッグ 小樽手宮店,北海道小樽市手宮1丁目2番１号,43.20905848,140.9998333
ツルハドラッグ,ツルハドラッグ 小樽手宮店,北海道小樽市手宮１丁目２−１,43.209686,140.99971
ツルハドラッグ,ツルハドラッグ 小樽梅ヶ枝店,北海道小樽市梅ケ枝町8番15号,43.21271711027455,140.99384754815148
ツルハドラッグ,ツルハドラッグ 小樽梅ヶ枝店,北海道小樽市梅ケ枝町８−１５,43.212437,140.993378
ツルハドラッグ,ツルハドラッグ 小樽駅前店,北海道小樽市稲穂3丁目9-1,43.19829831573903,140.99464204552467
ツルハドラッグ,ツルハドラッグ 小樽駅前店,北海道小樽市稲穂３丁目９−１,43.198433,140.994797
ツルハドラッグ,ツルハドラッグ 屯田5条店,北海道札幌市屯田5条5丁目3番6号,43.13096750136231,141.3328482564661
ツルハドラッグ,ツルハドラッグ 屯田6条店,北海道札幌市屯田6条3丁目4番14号,43.1336193,141.3387764
ツルハドラッグ,ツルハドラッグ 岩見沢10条店,北海道岩見沢市10条東1丁目1番1,43.197711,141.773003
ツルハドラッグ,ツルハドラッグ 岩見沢5条店,北海道岩見沢市５条東6丁目3-9,43.206204852730686,141.7726858676182
ツルハドラッグ,ツルハドラッグ 岩見沢5条店,北海道岩見沢市５条東６丁目３−９,43.206081,141.772354
ツルハドラッグ,ツルハドラッグ 岩見沢大和店,北海道岩見沢市大和1条8丁目3-1,43.18968512450761,141.73688032136891
ツルハドラッグ,ツルハドラッグ 岩見沢大和店,北海道岩見沢市大和１条８丁目３−１,43.190094,141.736069
ツルハドラッグ,ツルハドラッグ 岩見沢東店,北海道岩見沢市2条東12丁目3-1,43.21181940778937,141.7772365139717
ツルハドラッグ,ツルハドラッグ 岩見沢東店,北海道岩見沢市２条東１２丁目３−１,43.211594,141.77742
ツルハドラッグ,ツルハドラッグ 岩見沢鉄北店,北海道岩見沢市北4条西11丁目3番24号,43.20670016993716,141.74905358957974
ツルハドラッグ,ツルハドラッグ 岩見沢鉄北店,北海道岩見沢市北４条西１１丁目３−２４,43.207058,141.749451
ツルハドラッグ,ツルハドラッグ 岩見沢駅前店,北海道岩見沢市１条西６丁目７−１,43.202866,141.759796
ツルハドラッグ,ツルハドラッグ 岩見沢駒園店,北海道岩見沢市駒園7丁目3番40号,43.18111,141.764148
ツルハドラッグ,ツルハドラッグ 岩見沢駒園店,北海道岩見沢市駒園７丁目３−４０,43.181656,141.763977
ツルハドラッグ,ツルハドラッグ 川北店,北海道釧路市川北町1番3号,42.9893592613708,144.38909259756838
ツルハドラッグ,ツルハドラッグ 川北店,北海道釧路市川北町１−３,42.989891,144.388916
ツルハドラッグ,ツルハドラッグ 帯広北店,北海道帯広市西１６条北１丁目１２−７８,42.933529,143.172958
ツルハドラッグ,ツルハドラッグ 帯広南の森東店,北海道帯広市南の森東１丁目1-12,42.8833395632127,143.17527341129687
ツルハドラッグ,ツルハドラッグ 帯広南の森東店,北海道帯広市南の森東１丁目１−１２,42.88364,143.175323
ツルハドラッグ,ツルハドラッグ 帯広南町店,北海道帯広市西18条南27丁目1番地34,42.899152,143.180744
ツルハドラッグ,ツルハドラッグ 帯広大通南24丁目店,北海道帯広市大通南24丁目10,42.904996,143.208094
ツルハドラッグ,ツルハドラッグ 帯広東7条店,北海道帯広市東7条南16丁目1-1,42.9148915,143.2168399
ツルハドラッグ,ツルハドラッグ 帯広東7条店,北海道帯広市東７条南１６丁目1−１,42.914955,143.217239
ツルハドラッグ,ツルハドラッグ 帯広東9条店,北海道帯広市東9条南9丁目4番１,42.923759,143.220731
ツルハドラッグ,ツルハドラッグ 帯広白樺店,北海道帯広市白樺16条西2丁目2番他4,42.91932955086466,143.17361550049432
ツルハドラッグ,ツルハドラッグ 帯広西12条店,北海道帯広市西十二条南3丁目2番地1,42.928006,143.185651
ツルハドラッグ,ツルハドラッグ 帯広西12条店,北海道帯広市西１２条南３丁目2番地1,42.928005,143.185837
ツルハドラッグ,ツルハドラッグ 帯広西20条店,北海道帯広市西20条南2丁目31番7号,42.918228,143.146775
ツルハドラッグ,ツルハドラッグ 帯広西20条店,北海道帯広市西２０条南２丁目３１7号,42.920425,143.147461
ツルハドラッグ,ツルハドラッグ 帯広西21条店,北海道帯広市西21条南3丁目4-7,42.91290666494533,143.1444456582838
ツルハドラッグ,ツルハドラッグ 帯広西21条店,北海道帯広市西２１条南３丁目4−７,42.913353,143.144592
ツルハドラッグ,ツルハドラッグ 帯広西5条店,北海道帯広市西5条南18丁目12番,42.91114507289912,143.19911735925845
ツルハドラッグ,ツルハドラッグ 帯広西8条店,北海道帯広市西８条南１０丁目1−１,42.920322,143.19223
ツルハドラッグ,ツルハドラッグ 帯広西店,北海道帯広市西23条南3丁目62-3,42.91538974116997,143.12479317852157
ツルハドラッグ,ツルハドラッグ 帯広西店,北海道帯広市西２３条南３丁目62−３,42.915733,143.125443
ツルハドラッグ,ツルハドラッグ 幌別店,北海道登別市幌別町6丁目2番地,42.4116192799242,141.1122510019536
ツルハドラッグ,ツルハドラッグ 平和通店,北海道札幌市平和通2丁目北9番3号,43.05316319,141.4105546
ツルハドラッグ,ツルハドラッグ 平岡1条店,北海道札幌市平岡1条1丁目1-3,42.99806384682172,141.44259655952453
ツルハドラッグ,ツルハドラッグ 平岡7条店,北海道札幌市平岡7条2丁目2-1,43.01056284324434,141.45546443652552
ツルハドラッグ,ツルハドラッグ 平岸3条店,北海道札幌市平岸3条10丁目4番6号,43.03077618208643,141.37160350994546
ツルハドラッグ,ツルハドラッグ 平岸店,北海道札幌市平岸3条3丁目6番1号,43.039656,141.370924
ツルハドラッグ,ツルハドラッグ 広尾店,北海道広尾郡広尾町並木通東2丁目2-9,42.297945,143.314819
ツルハドラッグ,ツルハドラッグ 弟子屈店,北海道川上郡弟子屈町鈴蘭1丁目3番6号,43.491874,144.45397
ツルハドラッグ,ツルハドラッグ 弥生店,北海道帯広市西8条南29丁目4-6,42.897636954112514,143.1960259084622
ツルハドラッグ,ツルハドラッグ 当麻店,北海道上川郡当麻町宇園別2区,43.8418811569491,142.485607595519
ツルハドラッグ,ツルハドラッグ 忠和店,北海道旭川市忠和4条6丁目4番12号,43.774727,142.321063
ツルハドラッグ,ツルハドラッグ 忠和店,北海道旭川市忠和４条６丁目４−１２,43.774593,142.320938
ツルハドラッグ,ツルハドラッグ 恵み野西店,北海道恵庭市恵み野西３丁目1−１,42.899979,141.578461
ツルハドラッグ,ツルハドラッグ 恵み野里美店,北海道恵庭市恵み野里美1丁目1番3,42.90284184848387,141.5722698301115
ツルハドラッグ,ツルハドラッグ 恵庭大町店,北海道恵庭市大町1丁目3番2号,42.888510621051886,141.5695613723386
ツルハドラッグ,ツルハドラッグ 恵庭大町店,北海道恵庭市大町１丁目３−２,42.888523,141.569748
ツルハドラッグ,ツルハドラッグ 恵庭店,北海道恵庭市住吉町2丁目10-14,42.87475912987695,141.58457210405186
ツルハドラッグ,ツルハドラッグ 恵庭店,北海道恵庭市住吉町２丁目１０−１４,42.874573,141.584198
ツルハドラッグ,ツルハドラッグ 戸倉店,北海道函館市戸倉町268-1,41.779417090254455,140.80168914053365
ツルハドラッグ,ツルハドラッグ 手稲富丘店,北海道札幌市富丘1条4丁目13番10号,43.10855480153723,141.25489325080088
ツルハドラッグ,ツルハドラッグ 手稲星置店,北海道札幌市手稲山口510-19,43.139147054498295,141.2107384511238
ツルハドラッグ,ツルハドラッグ 手稲星置店,北海道札幌市手稲区手稲山口５１０−１９,43.139706,141.211441
ツルハドラッグ,ツルハドラッグ 手稲星置駅前店,北海道札幌市手稲区星置１条２丁目２−１,43.133667,141.212845
ツルハドラッグ,ツルハドラッグ 手稲曙3条店,北海道札幌市曙3条3丁目14番27号,43.129378824941845,141.23500218846652
ツルハドラッグ,ツルハドラッグ 斜里店,北海道斜里郡斜里町青葉町26,43.90140214,144.6638274
ツルハドラッグ,ツルハドラッグ 新千歳空港店,北海道千歳市美々987,42.787415,141.677165
ツルハドラッグ,ツルハドラッグ 新千歳空港店,北海道千歳市美々９８７国際線ターミナルビル連絡施設３階内,42.787346,141.678482
ツルハドラッグ,ツルハドラッグ 新川3条店,北海道札幌市新川3条3丁目1番12号,43.0983498628235,141.3199634813466
ツルハドラッグ,ツルハドラッグ 新橋大通店,北海道釧路市新橋大通１丁目２17号,43.002544,144.378601
ツルハドラッグ,ツルハドラッグ 新琴似1条店,北海道札幌市新琴似1条7丁目9番35号,43.10781405398164,141.31637482155193
ツルハドラッグ,ツルハドラッグ 新琴似7条店,北海道札幌市新琴似７条6丁目2番1号,43.11421830913959,141.3254243975533
ツルハドラッグ,ツルハドラッグ 新琴似店,北海道札幌市新琴似10条2丁目1番10号,43.11518440293492,141.33605969590892
ツルハドラッグ,ツルハドラッグ 新道元町店,北海道札幌市北26条東21丁目7番1号,43.09866028676269,141.38329654078188
ツルハドラッグ,ツルハドラッグ 日高富川店,北海道沙流郡日高町富川南1丁目3番4号,42.51901023204442,142.0295081404364
ツルハドラッグ,ツルハドラッグ 旭川2条店,北海道旭川市2条通23丁目110-1,43.75972356483005,142.3837494774381
ツルハドラッグ,ツルハドラッグ 旭川2条店,北海道旭川市２条通２３丁目１１０−１,43.75988,142.383286
ツルハドラッグ,ツルハドラッグ 旭川4条店,北海道旭川市４条通１５丁目７５０,43.765575,142.37233
ツルハドラッグ,ツルハドラッグ 旭川4条西店,北海道旭川市4条通1丁目2241-6,43.772132497331945,142.35107050206366
ツルハドラッグ,ツルハドラッグ 旭川7条店,北海道旭川市７条通１８丁目９２−９,43.767834,142.378922
ツルハドラッグ,ツルハドラッグ 旭川中央店,北海道旭川市１条通８丁目187番地1,43.765087,142.359741
ツルハドラッグ,ツルハドラッグ 旭川南6条店,北海道旭川市南6条通18丁目2182-90,43.752932281960845,142.37047158800928
ツルハドラッグ,ツルハドラッグ 旭川南6条店,北海道旭川市南６条通１８丁目２１８２−９０,43.752998,142.371185
ツルハドラッグ,ツルハドラッグ 旭川大町3条店,北海道旭川市大町３条５丁目２３９７−１８,43.788765,142.360519
ツルハドラッグ,ツルハドラッグ 旭川大町店,北海道旭川市2条14丁目92-26,43.79582133568171,142.34948594708192
ツルハドラッグ,ツルハドラッグ 旭川大町店,北海道旭川市大町２条１４丁目９２−２６,43.796127,142.348633
ツルハドラッグ,ツルハドラッグ 旭川春光台店,北海道旭川市春光台3条4丁目6番3号,43.81942088861929,142.3575948581589
ツルハドラッグ,ツルハドラッグ 旭川春光台店,北海道旭川市春光台３条４丁目６−３,43.819275,142.357147
ツルハドラッグ,ツルハドラッグ 旭川末広5条店,北海道旭川市末広5条1丁目4番23号,43.80992959135639,142.3716006824422
ツルハドラッグ,ツルハドラッグ 旭川末広5条店,北海道旭川市末広５条１丁目４−２３,43.809933,142.371964
ツルハドラッグ,ツルハドラッグ 旭川末広北店,北海道旭川市末広1条10丁目1番20号,43.81240760486413,142.39819736143448
ツルハドラッグ,ツルハドラッグ 旭川末広北店,北海道旭川市末広１条１０丁目１−２０,43.812344,142.398529
ツルハドラッグ,ツルハドラッグ 旭川東5条店,北海道旭川市東5条11丁目3番8号,43.78692542677617,142.38212790801913
ツルハドラッグ,ツルハドラッグ 旭川東5条店,北海道旭川市東５条１１丁目３−８,43.787033,142.382645
ツルハドラッグ,ツルハドラッグ 旭川永山5条店,北海道旭川市永山5条19丁目1番42号,43.8087147,142.4378606
ツルハドラッグ,ツルハドラッグ 旭川永山5条店,北海道旭川市永山５条１９丁目１−４２,43.808483,142.43718
ツルハドラッグ,ツルハドラッグ 旭川永山6条店,北海道旭川市永山6条13丁目1-28,43.800006691374726,142.42588704245193
ツルハドラッグ,ツルハドラッグ 旭川永山6条店,北海道旭川市永山６条１３丁目１−２８,43.799648,142.425018
ツルハドラッグ,ツルハドラッグ 旭川神居東店,北海道旭川市神居３条１８丁目２−５,43.749763,142.340866
ツルハドラッグ,ツルハドラッグ 旭川神楽5条店,北海道旭川市神楽5条12丁目1番20号,43.74905743932219,142.35663244063133
ツルハドラッグ,ツルハドラッグ 旭川神楽岡店,北海道旭川市神楽岡5条6丁目4番20号,43.7398505590312,142.37415212673275
ツルハドラッグ,ツルハドラッグ 旭川神楽岡店,北海道旭川市神楽岡５条６丁目４20号,43.74052,142.374023
ツルハドラッグ,ツルハドラッグ 旭川神楽店,北海道旭川市5条9丁目2番27号,43.75460067,142.3523255
ツルハドラッグ,ツルハドラッグ 旭川神楽店,北海道旭川市神楽５条９丁目２−２７,43.75489,142.352417
ツルハドラッグ,ツルハドラッグ 旭川緑が丘店,北海道旭川市緑が丘東3条1丁目3番3号,43.728905978813,142.38069649386577
ツルハドラッグ,ツルハドラッグ 旭川緑が丘店,北海道旭川市緑が丘東３条１丁目３3号,43.729038,142.381531
ツルハドラッグ,ツルハドラッグ 旭川緑町店,北海道旭川市緑町20丁目2752-7,43.79106073183687,142.32678609979197
ツルハドラッグ,ツルハドラッグ 旭川緑町店,北海道旭川市緑町２０丁目２７５２−７,43.790379,142.325958
ツルハドラッグ,ツルハドラッグ 旭川豊岡5条店,北海道旭川市4丁目4番43号,43.76185209718131,142.40013380244676
ツルハドラッグ,ツルハドラッグ 旭川豊岡5条店,北海道旭川市豊岡５条４丁目４−４３,43.760777,142.402191
ツルハドラッグ,ツルハドラッグ 旭川豊岡７条店,北海道旭川市豊岡7条2丁目2番3号,43.76557963475635,142.39328906182214
ツルハドラッグ,ツルハドラッグ 旭川豊岡７条店,北海道旭川市豊岡７条２丁目２−３,43.765598,142.393005
ツルハドラッグ,ツルハドラッグ 旭川近文店,北海道旭川市北門町14丁目2144-129,43.78949204349902,142.3401256157739
ツルハドラッグ,ツルハドラッグ 旭川近文店,北海道旭川市北門町１４丁目２１４４−１２９,43.78994,142.339859
ツルハドラッグ,ツルハドラッグ 旭川駅前店,北海道旭川市宮下通９丁目２−１７,43.762955,142.359726
ツルハドラッグ,ツルハドラッグ 旭町店,北海道旭川市旭町1条7丁目,43.78647041222135,142.35142592333088
ツルハドラッグ,ツルハドラッグ 春光1条店,北海道旭川市春光1条9丁目19番6号,43.802552,142.380211
ツルハドラッグ,ツルハドラッグ 春光1条店,北海道旭川市春光１条９丁目１９−６,43.802708,142.379913
ツルハドラッグ,ツルハドラッグ 春光5条店,北海道旭川市春光5条4丁目8番12号,43.802309,142.35874
ツルハドラッグ,ツルハドラッグ 春採7丁目店,北海道釧路市春採7丁目1番48号,42.97636367459656,144.41326754086614
ツルハドラッグ,ツルハドラッグ 春採7丁目店,北海道釧路市春採７丁目１−４８,42.977085,144.4133
ツルハドラッグ,ツルハドラッグ 昭和店,北海道函館市昭和1丁目29番7号,41.81949555822555,140.7410752390133
ツルハドラッグ,ツルハドラッグ 月寒店,北海道札幌市月寒中央通6丁目1-8,43.03225989704789,141.3944439674938
ツルハドラッグ,ツルハドラッグ 月寒東２条店,北海道札幌市月寒東2条18丁目163番12,43.01720016235591,141.42258703779518
ツルハドラッグ,ツルハドラッグ 朝里店,北海道小樽市新光2丁目1番4号,43.17471055023554,141.05762056378288
ツルハドラッグ,ツルハドラッグ 朝里店,北海道小樽市新光２丁目１−４,43.174908,141.057877
ツルハドラッグ,ツルハドラッグ 木古内店,北海道上磯郡木古内町字本町545,41.676771518183024,140.43443961971423
ツルハドラッグ,ツルハドラッグ 末広1条店,北海道旭川市末広1条4丁目1番5号,43.80502551,142.3872757
ツルハドラッグ,ツルハドラッグ 末広1条店,北海道旭川市末広１条４丁目１−５,43.804878,142.386963
ツルハドラッグ,ツルハドラッグ 本別店,北海道中川郡本別町南3丁目1-4,43.118222,143.607683
ツルハドラッグ,ツルハドラッグ 本町店,北海道札幌市本町２条４丁目8番16号,43.08008567001168,141.3890262155934
ツルハドラッグ,ツルハドラッグ 札内あかしや店,北海道中川郡幕別町札内あかしや町42番14,42.909717,143.249113
ツルハドラッグ,ツルハドラッグ 札内店,北海道中川郡幕別町札内共栄町163番地,42.91802989291904,143.2421031796298
ツルハドラッグ,ツルハドラッグ 東6条店,北海道旭川市東6条3丁目1-12,43.77794465933793,142.3777475603472
ツルハドラッグ,ツルハドラッグ 東6条店,北海道旭川市東６条３丁目１−１２,43.778252,142.37796
ツルハドラッグ,ツルハドラッグ 東久根別店,北海道北斗市久根別１丁目１番１０号,41.823585652292806,140.6809926695368
ツルハドラッグ,ツルハドラッグ 東光10条店,北海道旭川市東光10条4丁目1番18号,43.74603342633131,142.39878923834323
ツルハドラッグ,ツルハドラッグ 東光10条店,北海道旭川市東光１０条４丁目１−１８,43.746098,142.398499
ツルハドラッグ,ツルハドラッグ 東光12条店,北海道旭川市東光12条6丁目5番28号,43.74315112768738,142.40995331873452
ツルハドラッグ,ツルハドラッグ 東光1条店,北海道旭川市東光1条7丁目1-14,43.75423312,142.4116623
ツルハドラッグ,ツルハドラッグ 東光9条店,北海道旭川市東光9条1丁目3番15号,43.74718834,142.3898613
ツルハドラッグ,ツルハドラッグ 東光9条店,北海道旭川市東光９条１丁目３−１５,43.747047,142.390198
ツルハドラッグ,ツルハドラッグ 東光店,北海道旭川市東光1条5丁目1-5,43.75435052699371,142.40401400062905
ツルハドラッグ,ツルハドラッグ 東光店,北海道旭川市東光１条５丁目１−５,43.754539,142.404083
ツルハドラッグ,ツルハドラッグ 東川店,北海道上川郡東川町北町4丁目2番2号,43.70386753524296,142.49741782372996
ツルハドラッグ,ツルハドラッグ 東旭川店,北海道旭川市東旭川北1条1丁目3-32,43.771883,142.4248615
ツルハドラッグ,ツルハドラッグ 東旭川店,北海道旭川市東旭川北１条１丁目３−３２,43.771679,142.425262
ツルハドラッグ,ツルハドラッグ 東神楽店,北海道上川郡東神楽町ひじり野北1条3丁目1番5号,43.721422,142.412655
ツルハドラッグ,ツルハドラッグ 東苗穂7条店,北海道札幌市東苗穂7条3丁目2番1号,43.093497,141.412283
ツルハドラッグ,ツルハドラッグ 東苗穂店,北海道札幌市東苗穂12条3丁目1-10,43.10380031696584,141.42084755013022
ツルハドラッグ,ツルハドラッグ 東野幌店,北海道江別市東野幌本町３５−２,43.087788,141.533813
ツルハドラッグ,ツルハドラッグ 東雁来店,北海道札幌市東雁来10条3丁目1-5,43.096445061436285,141.42937682701302
ツルハドラッグ,ツルハドラッグ 松前店,北海道松前郡松前町字建石49-51,41.42568705579702,140.08528518404407
ツルハドラッグ,ツルハドラッグ 栄町店,北海道札幌市北49条東15丁目723-1,43.12135052097416,141.3646511184547
ツルハドラッグ,ツルハドラッグ 栄町店,北海道札幌市東区北４９条東１５丁目１−７２３−１,43.121407,141.364273
ツルハドラッグ,ツルハドラッグ 栄通店,北海道札幌市栄通14丁目2番1号,43.03267665156524,141.420050559306
ツルハドラッグ,ツルハドラッグ 栗山中里店,北海道夕張郡栗山町字中里64-3,43.05487809770579,141.79653010273637
ツルハドラッグ,ツルハドラッグ 根室店,北海道根室市宝町1丁目2-1,43.33203624306599,145.59069128467308
ツルハドラッグ,ツルハドラッグ 桑園店,北海道札幌市北9条西15丁目2,43.06965347747227,141.3316244251145
ツルハドラッグ,ツルハドラッグ 桑園店,北海道札幌市中央区北９条西１５丁目２,43.069508,141.331207
ツルハドラッグ,ツルハドラッグ 桜町店,北海道北見市桜町6丁目2-4,43.80619162925127,143.9076660899167
ツルハドラッグ,ツルハドラッグ 桜町店,北海道北見市桜町６丁目２−４,43.806137,143.907318
ツルハドラッグ,ツルハドラッグ 森店,北海道茅部郡森町字森川町233-34,42.09837275900577,140.58352260692868
ツルハドラッグ,ツルハドラッグ 様似店,北海道様似郡様似町大通１丁目13-8,42.12682873563864,142.93201065077955
ツルハドラッグ,ツルハドラッグ 標津町店,北海道標津郡標津町南8条西1丁目4-7,43.6486904,145.1387562
ツルハドラッグ,ツルハドラッグ 樽川店,北海道石狩市樽川9条1丁目1-2,43.144437031973,141.277196427633
ツルハドラッグ,ツルハドラッグ 樽川店,北海道石狩市樽川９条１丁目１−２,43.144199,141.27713
ツルハドラッグ,ツルハドラッグ 武佐店,北海道釧路市武佐3丁目47-23,42.98903949,144.4203043
ツルハドラッグ,ツルハドラッグ 武佐店,北海道釧路市武佐３丁目４７−２３,42.989536,144.420319
ツルハドラッグ,ツルハドラッグ 永山3条西店,北海道旭川市永山３条８丁目２6号,43.795837,142.41185
ツルハドラッグ,ツルハドラッグ 永山南店,北海道旭川市永山8条4丁目98番2,43.785123395389846,142.41000519212042
ツルハドラッグ,ツルハドラッグ 永山環状通店,北海道旭川市永山7条5丁目1番15号,43.78745114977525,142.4097889783066
ツルハドラッグ,ツルハドラッグ 永山環状通店,北海道旭川市永山７条５丁目１−１５,43.787148,142.409515
ツルハドラッグ,ツルハドラッグ 江別住吉店,北海道江別市野幌住吉町37-2,43.09134828240166,141.50887870031454
ツルハドラッグ,ツルハドラッグ 江別住吉店,北海道江別市野幌住吉町37−２,43.090969,141.509201
ツルハドラッグ,ツルハドラッグ 江別文京台店,北海道江別市文京台31-4,43.06679793020172,141.49030825277862
ツルハドラッグ,ツルハドラッグ 江別文京台店,北海道江別市文京台31−４,43.066654,141.48996
ツルハドラッグ,ツルハドラッグ 江別牧場店,北海道江別市牧場町25-8,43.11106596644329,141.53013208590295
ツルハドラッグ,ツルハドラッグ 江別牧場店,北海道江別市牧場町25−８,43.111015,141.530289
ツルハドラッグ,ツルハドラッグ 江別高砂店,北海道江別市高砂町３５−６,43.102055,141.537094
ツルハドラッグ,ツルハドラッグ 江差新地町店,北海道檜山郡江差町新地町１４番,41.86357741724108,140.12756783186728
ツルハドラッグ,ツルハドラッグ 沼ノ端北店,北海道苫小牧市北栄町１丁目２３−１５,42.676197,141.689819
ツルハドラッグ,ツルハドラッグ 沼ノ端店,北海道苫小牧市沼ノ端中央4丁目1番5号,42.66904956381263,141.69448682306623
ツルハドラッグ,ツルハドラッグ 沼ノ端店,北海道苫小牧市沼ノ端中央４丁目１5号,42.670982,141.692062
ツルハドラッグ,ツルハドラッグ 洞爺湖温泉東店,北海道虻田郡洞爺湖温泉70番地12,42.565180711553104,140.8248041716202
ツルハドラッグ,ツルハドラッグ 浦河店,北海道浦河郡浦河町堺町西6丁目492番53,42.187810086037736,142.76568173495914
ツルハドラッグ,ツルハドラッグ 深川店,北海道深川市5条20番1号,43.723522,142.059315
ツルハドラッグ,ツルハドラッグ 深川店,北海道深川市５条２０−１,43.723259,142.059128
ツルハドラッグ,ツルハドラッグ 深川文光店,北海道深川市文光町7番10号,43.71275863218837,142.02077959587473
ツルハドラッグ,ツルハドラッグ 深川文光店,北海道深川市文光町７−１０,43.712688,142.021149
ツルハドラッグ,ツルハドラッグ 清水店,北海道上川郡清水町南二条１１丁目７番１,43.018303,142.891856
ツルハドラッグ,ツルハドラッグ 清田店,北海道札幌市清田２条３丁目１１番４０号,42.99934008844029,141.43609246952903
ツルハドラッグ,ツルハドラッグ 清里店,北海道斜里郡清里町羽衣町62-2,43.82969,144.585588
ツルハドラッグ,ツルハドラッグ 湧別店,北海道紋別郡湧別町北兵村三区518,44.19659438834911,143.59903140346267
ツルハドラッグ,ツルハドラッグ 湯川店,北海道函館市湯川町2丁目18-10,41.78059396312122,140.78978913716617
ツルハドラッグ,ツルハドラッグ 滝川新町店,北海道滝川市新町2丁目10番38号,43.55410544371177,141.917297961089
ツルハドラッグ,ツルハドラッグ 滝川有明店,北海道滝川市有明町2丁目4番52号,43.55960430313712,141.89836746788413
ツルハドラッグ,ツルハドラッグ 滝川朝日町店,北海道滝川市朝日町西3丁目1番32号,43.56908453599687,141.9134465945411
ツルハドラッグ,ツルハドラッグ 滝川本町店,北海道滝川市本町4丁目4番1号,43.56230863853144,141.90765364124366
ツルハドラッグ,ツルハドラッグ 滝川東店,北海道滝川市東町3丁目118-3,43.555120501260944,141.93341700435417
ツルハドラッグ,ツルハドラッグ 滝川空知町店,北海道滝川市空知町2丁目12番12号,43.54611647064401,141.90434790694692
ツルハドラッグ,ツルハドラッグ 澄川3条店,北海道札幌市澄川3条3丁目3番7号,43.015373064460704,141.36590929998528
ツルハドラッグ,ツルハドラッグ 澄川6条店,北海道札幌市南区澄川６条３丁目２−３６,43.012592,141.373978
ツルハドラッグ,ツルハドラッグ 狸小路5丁目店,北海道札幌市南2条西5丁目18番地,43.057019,141.35035
ツルハドラッグ,ツルハドラッグ 琴似駅東口店,北海道札幌市八軒1条東1丁目4-1,43.08133494711,141.3093421650297
ツルハドラッグ,ツルハドラッグ 留萌店,北海道留萌市花園町4丁目6番21号,43.93712294553171,141.6561238124429
ツルハドラッグ,ツルハドラッグ 留萌店,北海道留萌市花園町４丁目６−２１,43.937332,141.656387
ツルハドラッグ,ツルハドラッグ 留萌西店,北海道留萌市見晴町1丁目59-1,43.934117834291534,141.6413825710495
ツルハドラッグ,ツルハドラッグ 留萌西店,北海道留萌市見晴町１丁目５９−１,43.934307,141.641891
ツルハドラッグ,ツルハドラッグ 発寒13条店,北海道札幌市西区発寒１３条４丁目１３85号,43.099411,141.291946
ツルハドラッグ,ツルハドラッグ 発寒8条店,北海道札幌市発寒8条14丁目516-458,43.100221,141.2723645
ツルハドラッグ,ツルハドラッグ 発寒中央駅前店,北海道札幌市発寒10条3丁目1-10,43.089472,141.29548
ツルハドラッグ,ツルハドラッグ 登別中央店,北海道登別市中央町5丁目22-4,42.41437343323114,141.10442941091046
ツルハドラッグ,ツルハドラッグ 登別中央店,北海道登別市中央町５丁目22−４,42.414417,141.10466
ツルハドラッグ,ツルハドラッグ 登別富岸店,北海道登別市富岸町1丁目1番,42.38633787500331,141.07159629084538
ツルハドラッグ,ツルハドラッグ 登別温泉店,北海道登別市登別温泉町50番地,42.49411303005292,141.14389137971082
ツルハドラッグ,ツルハドラッグ 登別若草店,北海道登別市若草町4丁目11-1,42.36964642921889,141.0547322675511
ツルハドラッグ,ツルハドラッグ 登別若草店,北海道登別市若草町４丁目１１−１,42.369923,141.055084
ツルハドラッグ,ツルハドラッグ 白石本通店,北海道札幌市本通11丁目南7番9号,43.041552,141.422777
ツルハドラッグ,ツルハドラッグ 白石駅前店,北海道札幌市東札幌3条6丁目1番20号,43.04651497308176,141.3963831122838
ツルハドラッグ,ツルハドラッグ 白糠店,北海道白糠郡白糠町西1条南3丁目1-6,42.95414279169132,144.07232932968722
ツルハドラッグ,ツルハドラッグ 白老店,北海道白老郡白老町栄町2丁目1番7号,42.55172959434043,141.34951761113854
ツルハドラッグ,ツルハドラッグ 白鳥店,北海道函館市白鳥町21-26,41.79587173563535,140.74258925246423
ツルハドラッグ,ツルハドラッグ 白鳥店,北海道函館市白鳥町２１−２６,41.79628,140.741745
ツルハドラッグ,ツルハドラッグ 百合が原店,北海道札幌市百合が原9丁目14番１,43.13655693303117,141.36657361834835
ツルハドラッグ,ツルハドラッグ 真栄店,北海道札幌市真栄3条2丁目18番10号,42.98962596803534,141.4414509259807
ツルハドラッグ,ツルハドラッグ 真駒内南店,北海道札幌市真駒内南町4丁目5番1,42.98125871435081,141.3497013282244
ツルハドラッグ,ツルハドラッグ 石山店,北海道札幌市石山2条9丁目7番59号,42.96037986,141.3145852
ツルハドラッグ,ツルハドラッグ 砂川吉野店,北海道砂川市吉野1条南5丁目35番地5,43.48452880026783,141.91467969346786
ツルハドラッグ,ツルハドラッグ 砂川東店,北海道砂川市東1条北7丁目1番10号,43.498416719306654,141.9098339527708
ツルハドラッグ,ツルハドラッグ 神居3条店,北海道旭川市神居3条5丁目1-2,43.76496202265438,142.33146727965948
ツルハドラッグ,ツルハドラッグ 神居十字街店,北海道旭川市神居3条11丁目2番21号,43.75811147811071,142.334188093295
ツルハドラッグ,ツルハドラッグ 神居十字街店,北海道旭川市神居３条１１丁目２−２１,43.758366,142.334335
ツルハドラッグ,ツルハドラッグ 福井店,北海道札幌市福井3丁目14番40号,43.056843,141.269864
ツルハドラッグ,ツルハドラッグ 福井店,北海道札幌市西区福井３丁目１４−４０,43.056938,141.269638
ツルハドラッグ,ツルハドラッグ 稚内宝来店,北海道稚内市宝来5丁目6番3号,45.431298,141.667254
ツルハドラッグ,ツルハドラッグ 稚内宝来店,北海道稚内市宝来５丁目６−３,45.431213,141.667175
ツルハドラッグ,ツルハドラッグ 稚内店,北海道稚内市大黒４丁目７−１,45.39756,141.692337
ツルハドラッグ,ツルハドラッグ 稚内潮見店,北海道稚内市潮見1丁目2番7号,45.392599,141.696896
ツルハドラッグ,ツルハドラッグ 稚内潮見店,北海道稚内市潮見１丁目２,45.392868,141.697083
ツルハドラッグ,ツルハドラッグ 稲田店,北海道帯広市稲田町南9線西9番1,42.88803546832733,143.19746948924427
ツルハドラッグ,ツルハドラッグ 篠路店,北海道札幌市篠路3条4丁目1-1,43.14449025171559,141.3575902158613
ツルハドラッグ,ツルハドラッグ 篠路東店,北海道札幌市篠路4条9丁目15番1号,43.144255638905214,141.37237781932888
ツルハドラッグ,ツルハドラッグ 篠路東店,北海道札幌市北区篠路４条９丁目１５−１,43.144199,141.371826
ツルハドラッグ,ツルハドラッグ 紋別緑町店,北海道紋別市緑町5丁目6番１７号,44.344025,143.3458
ツルハドラッグ,ツルハドラッグ 紋別落石店,北海道紋別市渚滑町1丁目2番地1-10,44.366984416838754,143.33506984666798
ツルハドラッグ,ツルハドラッグ 網走北店,北海道網走市北４条西４丁目1−５,44.024231,144.26059
ツルハドラッグ,ツルハドラッグ 網走南4条店,北海道網走市南４条東４丁目17,44.021342,144.273719
ツルハドラッグ,ツルハドラッグ 緑西店,北海道帯広市西17条南4丁目42,42.91016172527227,143.16853623297965
ツルハドラッグ,ツルハドラッグ 羅臼店,北海道目梨郡羅臼町礼文町225-1,44.00450994150111,145.17812043218052
ツルハドラッグ,ツルハドラッグ 美原店,北海道函館市美原2丁目40番16号,41.82059739353468,140.75816075189874
ツルハドラッグ,ツルハドラッグ 美原店,北海道函館市美原２丁目４０−１６,41.820717,140.757828
ツルハドラッグ,ツルハドラッグ 美咲野店,北海道恵庭市美咲野3丁目8-11,42.87782537963267,141.5684269928417
ツルハドラッグ,ツルハドラッグ 美咲野店,北海道恵庭市美咲野３丁目８−１１,42.877583,141.567917
ツルハドラッグ,ツルハドラッグ 美唄南店,北海道美唄市大通西1条南7丁目1-9,43.32254309524436,141.85702151404735
ツルハドラッグ,ツルハドラッグ 美唄店,北海道美唄市東3条北4丁目4-1,43.33559050599948,141.86894956441805
ツルハドラッグ,ツルハドラッグ 美園１条店,北海道札幌市美園1条2丁目3番1号,43.04534438228253,141.38585058746224
ツルハドラッグ,ツルハドラッグ 美幌中央店,北海道網走郡美幌町字三橋南3-1,43.825586524369,144.110753523238
ツルハドラッグ,ツルハドラッグ 美幌店,北海道網走郡美幌町字稲美89-4,43.81806634136821,144.11783113897994
ツルハドラッグ,ツルハドラッグ 美幌新町店,北海道網走郡美幌町字新町１丁目７番地の２,43.833066256467546,144.10959513174973
ツルハドラッグ,ツルハドラッグ 美瑛店,北海道上川郡美瑛町扇町２３２番,43.5970091,142.4642229
ツルハドラッグ,ツルハドラッグ 羽幌店,北海道苫前郡羽幌町栄町117番地5,44.35199494343535,141.6934295279735
ツルハドラッグ,ツルハドラッグ 芦別南店,北海道芦別市南2条東1丁目5番2号,43.51376,142.190334
ツルハドラッグ,ツルハドラッグ 芦別店,北海道芦別市北4条東1丁目9番地1,43.52586672516856,142.18572754740327
ツルハドラッグ,ツルハドラッグ 花川北店,北海道石狩市花川北3条1丁目4-2,43.16516175635194,141.3076536699232
ツルハドラッグ,ツルハドラッグ 花川北店,北海道石狩市花川北３条１丁目４−２,43.164986,141.307709
ツルハドラッグ,ツルハドラッグ 花川南店,北海道石狩市花川南3条5丁目8番,43.14683952722916,141.30187501107977
ツルハドラッグ,ツルハドラッグ 花川東店,北海道石狩市2条3丁目40,43.16681008093799,141.3418124434824
ツルハドラッグ,ツルハドラッグ 芽室店,北海道河西郡芽室町東6条1丁目4-4,42.911081751340525,143.0568958204252
ツルハドラッグ,ツルハドラッグ 苫小牧弥生店,北海道苫小牧市弥生町１丁目２−８,42.628342,141.585617
ツルハドラッグ,ツルハドラッグ 苫小牧拓勇西店,北海道苫小牧市拓勇西町３丁目２1号,42.668198,141.667328
ツルハドラッグ,ツルハドラッグ 苫小牧日吉店,北海道苫小牧市日吉町1丁目7番25号,42.62207996028928,141.55791314241858
ツルハドラッグ,ツルハドラッグ 苫小牧日吉店,北海道苫小牧市日吉町１丁目７−２５,42.622353,141.558212
ツルハドラッグ,ツルハドラッグ 苫小牧日新店,北海道苫小牧市日新町2丁目6番30号,42.63033290258596,141.53871693055018
ツルハドラッグ,ツルハドラッグ 苫小牧日新店,北海道苫小牧市日新町２丁目６30号,42.62904,141.5401
ツルハドラッグ,ツルハドラッグ 苫小牧旭町店,北海道苫小牧市旭町1丁目1-5,42.62999688672723,141.60969415765476
ツルハドラッグ,ツルハドラッグ 苫小牧旭町店,北海道苫小牧市旭町１丁目１−５,42.629711,141.609558
ツルハドラッグ,ツルハドラッグ 苫小牧明徳店,北海道苫小牧市明徳町2丁目4番8号,42.609292,141.486322
ツルハドラッグ,ツルハドラッグ 苫小牧明徳店,北海道苫小牧市明徳町２丁目４−８,42.608864,141.484253
ツルハドラッグ,ツルハドラッグ 苫小牧明野新町店,北海道苫小牧市明野新町2丁目2番8号,42.654347785789525,141.6295685679583
ツルハドラッグ,ツルハドラッグ 苫小牧明野新町店,北海道苫小牧市明野新町２丁目２8号,42.65527,141.63002
ツルハドラッグ,ツルハドラッグ 苫小牧桜木店,北海道苫小牧市桜木町3丁目18番19号,42.6304295260874,141.5517104239252
ツルハドラッグ,ツルハドラッグ 苫小牧桜木店,北海道苫小牧市桜木町３丁目１８−１９,42.630871,141.551498
ツルハドラッグ,ツルハドラッグ 苫小牧清水店,北海道苫小牧市清水町１丁目40−４,42.65147,141.602631
ツルハドラッグ,ツルハドラッグ 苫小牧澄川店,北海道苫小牧市澄川町1丁目2-5,42.62037622828323,141.51856339063667
ツルハドラッグ,ツルハドラッグ 苫小牧澄川店,北海道苫小牧市澄川町１丁目２−５,42.620289,141.519135
ツルハドラッグ,ツルハドラッグ 苫小牧王子店,北海道苫小牧市表町４丁目３−２３,42.638115,141.602081
ツルハドラッグ,ツルハドラッグ 苫小牧花園店,北海道苫小牧市花園町１丁目５番１号,42.63402582005988,141.57325701738336
ツルハドラッグ,ツルハドラッグ 苫小牧花園店,北海道苫小牧市花園町１丁目５−１５番１号,42.634361,141.572769
ツルハドラッグ,ツルハドラッグ 苫小牧若草店,北海道苫小牧市1丁目7番1号,42.63963215545827,141.60906968958398
ツルハドラッグ,ツルハドラッグ 苫小牧若草店,北海道苫小牧市若草町１丁目７−１,42.640522,141.610153
ツルハドラッグ,ツルハドラッグ 苫小牧音羽店,北海道苫小牧市音羽町2丁目18番13号,42.64626313801004,141.6089197267719
ツルハドラッグ,ツルハドラッグ 苫小牧音羽店,北海道苫小牧市音羽町２丁目１８−１３,42.646542,141.608826
ツルハドラッグ,ツルハドラッグ 菊水3条店,北海道札幌市菊水3条5丁目2-25,43.05267307072356,141.37797942140642
ツルハドラッグ,ツルハドラッグ 菊水上町店,北海道札幌市菊水上町3条2丁目52番429,43.0643494437124,141.38923078282065
ツルハドラッグ,ツルハドラッグ 菊水元町店,北海道札幌市菊水元町2条2丁目2番1号,43.066862947664106,141.39966426448746
ツルハドラッグ,ツルハドラッグ 藤野店,北海道札幌市藤野2条6丁目7番1号,42.962371,141.295033
ツルハドラッグ,ツルハドラッグ 行啓通店,北海道札幌市南14条西9丁目3-41,43.040717679475954,141.346183111525
ツルハドラッグ,ツルハドラッグ 行啓通店,北海道札幌市中央区南１４条西９丁目３−４１,43.040981,141.346786
ツルハドラッグ,ツルハドラッグ 西18条店,北海道帯広市西18条北1丁目30,42.92986871,143.162241
ツルハドラッグ,ツルハドラッグ 西18条店,北海道帯広市西１８条北１丁目３０−３０,42.929668,143.162079
ツルハドラッグ,ツルハドラッグ 西岡3条店,北海道札幌市西岡3条2丁目3番5号,43.02058156948641,141.38929873352205
ツルハドラッグ,ツルハドラッグ 西岡店,北海道札幌市西岡3条9丁目1番1号,43.00606410271519,141.38422690561592
ツルハドラッグ,ツルハドラッグ 西桔梗店,北海道函館市西桔梗町２４６番１２１号,41.82432798266617,140.71210931159473
ツルハドラッグ,ツルハドラッグ 西町北店,北海道札幌市西区西町北１０丁目１−６,43.081181,141.285568
ツルハドラッグ,ツルハドラッグ 西線店,北海道札幌市南4条西15丁目2-1,43.05361299156948,141.3345354490738
ツルハドラッグ,ツルハドラッグ 西線店,北海道札幌市中央区南４条西１５丁目２−１,43.05368,141.334641
ツルハドラッグ,ツルハドラッグ 西野7条店,北海道札幌市西野7条7丁目3-3,43.06978456753161,141.26480809618076
ツルハドラッグ,ツルハドラッグ 豊平4条店,北海道札幌市豊平4条9丁目3-1,43.047008437551646,141.37555955464262
ツルハドラッグ,ツルハドラッグ 豊平4条店,北海道札幌市豊平区豊平４条９丁目３−１リペア豊平,43.04768,141.375351
ツルハドラッグ,ツルハドラッグ 豊平5条店,北海道札幌市豊平5条2丁目3番11号,43.05217407976548,141.36655973121043
ツルハドラッグ,ツルハドラッグ 赤平店,北海道赤平市字赤平540番1,43.54902557235397,142.05946434626216
ツルハドラッグ,ツルハドラッグ 足寄店,北海道足寄郡足寄町南7条1丁目15番地,43.23286282346426,143.5456756301959
ツルハドラッグ,ツルハドラッグ 遠軽南町店,北海道紋別郡遠軽町南町3丁目3番地43,44.04894,143.520823
ツルハドラッグ,ツルハドラッグ 遠軽店,北海道紋別郡大通北7丁目1-12,44.07292972463545,143.53159590471574
ツルハドラッグ,ツルハドラッグ 里塚緑ヶ丘店,北海道札幌市里塚緑ヶ丘2丁目7番30号,42.99852796435779,141.47324639134987
ツルハドラッグ,ツルハドラッグ 野幌店,北海道江別市野幌町10番地1,43.09516678518395,141.52550624049502
ツルハドラッグ,ツルハドラッグ 釧路富士見店,北海道釧路市富士見3丁目5番7号,42.976286,144.393044
ツルハドラッグ,ツルハドラッグ 釧路富士見店,北海道釧路市富士見３丁目５−７,42.976337,144.39418
ツルハドラッグ,ツルハドラッグ 釧路愛国店,北海道釧路市愛国東1丁目12番3号,43.00418437491312,144.3943887770693
ツルハドラッグ,ツルハドラッグ 釧路愛国店,北海道釧路市愛国東１丁目１２−３,43.004902,144.393616
ツルハドラッグ,ツルハドラッグ 釧路文苑店,北海道釧路市文苑2丁目48番14号,43.01976890818182,144.37971076501233
ツルハドラッグ,ツルハドラッグ 釧路文苑店,北海道釧路市文苑２丁目４８−１４,43.019783,144.379257
ツルハドラッグ,ツルハドラッグ 釧路星が浦店,北海道釧路市星が浦大通2丁目7番20号,43.0158273207704,144.32287223804
ツルハドラッグ,ツルハドラッグ 釧路星が浦店,北海道釧路市星が浦大通２丁目７,43.016068,144.323532
ツルハドラッグ,ツルハドラッグ 釧路昭和中央店,北海道釧路市昭和中央5丁目2番12号,43.02577601687669,144.35111309326786
ツルハドラッグ,ツルハドラッグ 釧路昭和中央店,北海道釧路市昭和中央５丁目２−１２,43.025711,144.35083
ツルハドラッグ,ツルハドラッグ 釧路昭和店,北海道釧路市昭和中央3丁目3番5号,43.02159726944262,144.35941885404532
ツルハドラッグ,ツルハドラッグ 釧路昭和店,北海道釧路市昭和中央３丁目３−５,43.022125,144.358612
ツルハドラッグ,ツルハドラッグ 釧路桂木店,北海道釧路郡釧路町桂木4丁目16番地,43.011912,144.407905
ツルハドラッグ,ツルハドラッグ 釧路桜ヶ岡店,北海道釧路市桜ヶ岡4丁目1番4号,42.966312,144.42563
ツルハドラッグ,ツルハドラッグ 釧路河畔店,北海道釧路郡釧路町河畔3丁目1番,43.03464397155109,144.45401555817114
ツルハドラッグ,ツルハドラッグ 釧路緑ヶ岡店,北海道釧路市緑ケ岡4丁目8番80号,42.98947200834376,144.41051460387152
ツルハドラッグ,ツルハドラッグ 釧路緑ヶ岡店,北海道釧路市緑ケ岡４丁目８80号,42.988861,144.41185
ツルハドラッグ,ツルハドラッグ 釧路美原店,北海道釧路市美原4丁目1番8号,43.02129444579046,144.40594918658087
ツルハドラッグ,ツルハドラッグ 釧路美原店,北海道釧路市美原４丁目１−８,43.020805,144.405518
ツルハドラッグ,ツルハドラッグ 釧路芦野店,北海道釧路市芦野5丁目27番8号,43.01712248918533,144.3924698637415
ツルハドラッグ,ツルハドラッグ 釧路芦野店,北海道釧路市芦野５丁目２７−８,43.017223,144.392044
ツルハドラッグ,ツルハドラッグ 釧路若松店,北海道釧路市若松町12-13,42.99390288681097,144.3844731625656
ツルハドラッグ,ツルハドラッグ 釧路若松店,北海道釧路市若松町１２−１３,42.993767,144.384888
ツルハドラッグ,ツルハドラッグ 釧路豊川店,北海道釧路市豊川町２０−１７,43.010075,144.380157
ツルハドラッグ,ツルハドラッグ 釧路鳥取南店,北海道釧路市鳥取南4丁目4番7号,43.00882994702542,144.3487402790985
ツルハドラッグ,ツルハドラッグ 釧路鳥取南店,北海道釧路市鳥取南４丁目４−７,43.006981,144.346542
ツルハドラッグ,ツルハドラッグ 釧路鳥取大通店,北海道釧路市鳥取大通5丁目7番1号,43.01534562916128,144.34681395292665
ツルハドラッグ,ツルハドラッグ 釧路鳥取大通店,北海道釧路市鳥取大通５丁目７1号,43.014759,144.346115
ツルハドラッグ,ツルハドラッグ 釧路鳥取大通東店,北海道釧路市鳥取大通1丁目5番8号,43.009445,144.363671
ツルハドラッグ,ツルハドラッグ 釧路鳥取大通東店,北海道釧路市鳥取大通１丁目５−８,43.009769,144.363724
ツルハドラッグ,ツルハドラッグ 釧路鳥取店,北海道釧路市鳥取大通9丁目9番28号,43.016705353212096,144.33118193130667
ツルハドラッグ,ツルハドラッグ 釧路鳥取店,北海道釧路市鳥取大通９丁目９28号,43.017456,144.332352
ツルハドラッグ,ツルハドラッグ 長万部店,北海道山越郡長万部町字長万部68-2,42.514076,140.378514
ツルハドラッグ,ツルハドラッグ 長沼中央店,北海道夕張郡長沼町錦町南1丁目6番21号,43.0115700496772,141.68827082738815
ツルハドラッグ,ツルハドラッグ 阿寒湖温泉店,北海道釧路市阿寒町阿寒湖温泉1丁目４,43.433326,144.099143
ツルハドラッグ,ツルハドラッグ 静内店,北海道日高郡新ひだか町静内木場町2丁目1番28号,42.34122791486015,142.35508020311192
ツルハドラッグ,ツルハドラッグ 音更店,北海道河東郡音更町木野大通西15丁目2番4,42.966783751525455,143.2058332502239
ツルハドラッグ,ツルハドラッグ 音更木野店,北海道河東郡音更町木野大通西8丁目1-2,42.94998175221014,143.20404457652225
ツルハドラッグ,ツルハドラッグ 鷹栖店,北海道上川郡2丁目７番32号,43.84735724610827,142.35710800216904
ツルハドラッグ,ツルハドラッグ 麻生店,北海道札幌市北40条西5丁目4番20号,43.10921887458573,141.3368264361763
ツルハドラッグ,ツルハドラッグ苫小牧日新店（移転）,北海道苫小牧市日新町２丁目５−５,42.628601,141.537857
マツモトキヨシ,マツモトキヨシ OUTLET 三井アウトレットパーク 札幌北広島店,北海道北広島市大曲幸町３丁目7−６,42.970982,141.471268
マツモトキヨシ,マツモトキヨシ札幌南1条店,北海道札幌市中央区南１条西３丁目８−８,43.059418,141.353409
マツモトキヨシ,薬 マツモトキヨシ シーナシーナ琴似店,北海道札幌市西区西区琴似２条１丁目４−１,43.075851,141.291718
マツモトキヨシ,薬 マツモトキヨシ プロム山鼻店,北海道札幌市中央区南２２条西１２丁目１−２,43.030445,141.343414
マツモトキヨシ,薬 マツモトキヨシ 札幌すすきの店,北海道札幌市中央区南４条西３丁目9−２,43.056011,141.354065
マツモトキヨシ,薬 マツモトキヨシ 札幌南1条店,北海道札幌市中央区南１条西３丁目３−８,43.058811,141.353348
マツモトキヨシ,薬 マツモトキヨシ 札幌南５条西３丁目店,北海道札幌市中央区南５条西３丁目６−１,43.054253,141.354477
マツモトキヨシ,薬 マツモトキヨシ 札幌狸小路Part2店,北海道札幌市中央区南３条西３丁目１３−１,43.057087,141.35379
マツモトキヨシ,薬 マツモトキヨシ 札幌狸小路店,北海道札幌市中央区南２条西３丁目１−５,43.057663,141.353653
