company,store_name,address
ウエルシア,北海道,北海道は日本の主要四島の中で最北端にある島で、火山、天然温泉、スキー場で知られています。起伏の激しい大雪山国立公園には蒸気を上げる火山の旭岳があり、支笏洞爺国立公園にはカルデラ湖、地熱温泉、富士山に似た羊蹄
コクミン,CityDrug シティドラッグアピア店,北海道札幌市中央区北5条西4丁目アピア内W-22
コクミン,KoKuMiN 新千歳空港出発口店,北海道千歳市美々新千歳空港ターミナルビル2階
コクミン,KoKuMiN 新千歳空港出発口店,北海道千歳市美々国内線ターミナルビル2階
コクミン,KoKuMiN 札幌アピア店,北海道札幌市中央区北5条西3-1札幌アピア内
コクミン,KoKuMiN 札幌アピア店,北海道札幌市中央区北５条西３丁目１札幌アピア内
コクミン,KoKuMiN 札幌オーロラ店,北海道札幌市中央区大通西1-5-5オーロラタウンA-26
コクミン,KoKuMiN 札幌オーロラ店,北海道札幌市中央区大通西１丁目5−５Ａ２６オーロラタウン
コクミン,KoKuMiN 札幌地下店,北海道札幌市中央区大通西2丁目札幌地下街オーロラタウン内
コクミン,コクミンドラッグ 札幌大通西5丁目店,北海道札幌市中央区大通西5丁目8番地
コクミン,コクミンドラッグ 札幌大通西5丁目店,北海道札幌市中央区大通西５丁目８昭和ビル1階
コクミン,コクミンドラッグ 狸小路5丁目店,北海道札幌市中央区南２条西５丁目１３番６４号
コクミン,コクミンドラッグ 狸小路店,北海道札幌市中央区南３条西３丁目１４
コクミン,コクミンドラッグ狸小路店,北海道札幌市中央区南3条西3-14
コクミン,コクミンドラッグ狸小路５丁目店,北海道札幌市中央区南２条西５丁目13ときビル
ココカラファイン,ココカラファイン ウイングベイ店,北海道小樽市築港１１−５ウイングベイ小樽5番街1F
ココカラファイン,ココカラファイン グランディールイチイ店,北海道函館市美原１丁目３−１グランディールイチイ地下1F
ココカラファイン,ココカラファイン サンピアザ店,北海道札幌市厚別区厚別中央２条５丁目７−７サンピアザ地下1F
ココカラファイン,ココカラファイン 函館本町店,北海道函館市本町２５−１３
ココカラファイン,ココカラファイン 北28条店,北海道札幌市北区北２８条西１３丁目１−３５
ココカラファイン,ココカラファイン 奥沢店,北海道小樽市奥沢３丁目２９−３
ココカラファイン,ココカラファイン 平和店,北海道夕張市平和１−１５
ココカラファイン,ココカラファイン 東札幌店,北海道札幌市白石区東札幌３条１丁目１−１ラソラ札幌Aタウン2F
ココカラファイン,ココカラファイン 桜町店,北海道小樽市桜２丁目３８−１
ココカラファイン,ココカラファイン 真駒内店,北海道札幌市南区真駒内幸町２丁目１−１２ミュークリスタル地下1F
ココカラファイン,ココカラファイン 都通店,北海道小樽市稲穂２丁目１５−８
サツドラ,サツドラ 中標津東店,北海道標津郡中標津町東18条南8丁目3番地
サツドラ,サツドラ 北3条店,北海道札幌市中央区北3条西12丁目1番地１
サツドラ,サツドラ 北3条店,北海道札幌市中央区北３条西１２丁目１−１
サツドラ,サツドラ 千歳北信濃店,北海道千歳市北信濃８６７−１ランドブレイン千歳モール
サツドラ,サツドラ 岩見沢６条店,北海道岩見沢市６条西３丁目２番地４
サツドラ,サツドラ 留萌店,北海道留萌市沖見町２丁目４
サツドラ,サツドラ 美幌栄町店,北海道網走郡美幌町字栄町２丁目２番地１
サツドラ,サツドラmoyuk SAPPORO,北海道札幌市中央区南2条西3丁目20番地
サツドラ,サツドラすすきの店,北海道札幌市中央区南4条西3丁目第2Gビル1階
サツドラ,サツドラせたな店,北海道久遠郡せたな町北檜山区北檜山217番地2
サツドラ,サツドラめむろ店,北海道河西郡芽室町東６条９丁目ダイイチ内
サツドラ,サツドラアシルすながわ店,北海道砂川市東1条南11丁目9番地
サツドラ,サツドラインターヴィレッジ大曲店,北海道北広島市大曲幸町6丁目1番地
サツドラ,サツドラクロスモール新発寒店,北海道札幌市手稲区新発寒2条1丁目1番1号
サツドラ,サツドラセリオおおまがり店,北海道北広島市大曲末広１丁目２番１号
サツドラ,サツドラニセコひらふ店,北海道虻田郡倶知安町ニセコひらふ1条3丁目6番24号Hirafu1881階
サツドラ,サツドラニセコビレッジ店,北海道虻田郡ニセコ町字曽我919-27
サツドラ,サツドラニセコ元町店,北海道虻田郡ニセコ町字元町74-16
サツドラ,サツドラファクトリー店,北海道札幌市中央区北1条東4丁目8番1サッポロファクトリーフロンティア館2階
サツドラ,サツドラルスツ店,北海道虻田郡留寿都村留寿都４５−３
サツドラ,サツドラ七飯店,北海道亀田郡七飯町大川2丁目1-4
サツドラ,サツドラ中の島店,北海道札幌市豊平区中の島２条２丁目３番3号
サツドラ,サツドラ中の島店,北海道札幌市豊平区中の島２条２丁目３−３
サツドラ,サツドラ中ノ沢店,北海道札幌市南区中ノ沢2丁目2番地
サツドラ,サツドラ中札内店,北海道河西郡中札内村大通南6丁目3番マックスバリュ中札内店内
サツドラ,サツドラ中札内店,北海道河西郡中札内村大通南６丁目３マックスバリュ中札内店内
サツドラ,サツドラ中標津西店,北海道標津郡中標津町西6条南11丁目6番地2
サツドラ,サツドラ久根別店,北海道北斗市東浜２丁目６番32号
サツドラ,サツドラ二十四軒店,北海道札幌市西区二十四軒4条1丁目2番20号
サツドラ,サツドラ伊達インター店,北海道伊達市舟岡町２３６−１
サツドラ,サツドラ伏見啓明店,北海道札幌市中央区南13条西22丁目1番15号
サツドラ,サツドラ伏見啓明店,北海道札幌市中央区南１３条西２２丁目１−１５
サツドラ,サツドラ余市店,北海道余市郡余市町黒川町12丁目67番地2
サツドラ,サツドラ倶知安店,北海道虻田郡倶知安町南7条東1丁目1-9
サツドラ,サツドラ八軒6条店,北海道札幌市西区八軒６条西４丁目２−７
サツドラ,サツドラ八雲店,北海道二海郡八雲町本町125-15
サツドラ,サツドラ円山西28丁目店,北海道札幌市中央区北５条西28丁目1番地
サツドラ,サツドラ函館中道店,北海道函館市中道2丁目3番13号
サツドラ,サツドラ函館中道店,北海道函館市中道２丁目３−１３
サツドラ,サツドラ函館大縄店,北海道函館市大縄町15番1号
サツドラ,サツドラ函館大縄店,北海道函館市大縄町１５−１
サツドラ,サツドラ函館宮前店,北海道函館市宮前町17番3号
サツドラ,サツドラ函館宮前店,北海道函館市宮前町１７3号
サツドラ,サツドラ函館川汲店,北海道函館市川汲町1618-1
サツドラ,サツドラ函館川汲店,北海道函館市川汲町１６１８−１
サツドラ,サツドラ函館戸倉店,北海道函館市戸倉町１２番17号
サツドラ,サツドラ函館戸倉店,北海道函館市戸倉町１２−１７
サツドラ,サツドラ函館日の出店,北海道函館市日乃出町17番20号
サツドラ,サツドラ函館日の出店,北海道函館市日乃出町１７−２０
サツドラ,サツドラ函館港店,北海道函館市港町1丁目23番1号
サツドラ,サツドラ函館港店,北海道函館市港町１丁目２３−１
サツドラ,サツドラ函館白鳥店,北海道函館市田家町16番25号
サツドラ,サツドラ函館白鳥店,北海道函館市田家町１６−２５
サツドラ,サツドラ函館石川店,北海道函館市石川町470番地2
サツドラ,サツドラ函館美原店,北海道函館市美原3丁目13番22号
サツドラ,サツドラ函館美原店,北海道函館市美原３丁目１３−２２
サツドラ,サツドラ函館花園店,北海道函館市花園町26番1号
サツドラ,サツドラ函館花園店,北海道函館市花園町２６−１
サツドラ,サツドラ函館金森倉庫店,北海道函館市豊川町11番6号
サツドラ,サツドラ函館金森倉庫店,北海道函館市豊川町１１−６
サツドラ,サツドラ函館高盛店,北海道函館市高盛町17番3号
サツドラ,サツドラ函館高盛店,北海道函館市高盛町１７−３
サツドラ,サツドラ利尻店,北海道利尻郡利尻町沓形字新湊284-1
サツドラ,サツドラ北12条店,北海道札幌市東区北12条東4丁目2-1
サツドラ,サツドラ北12条店,北海道札幌市東区北１２条東４丁目２−１
サツドラ,サツドラ北19条店,北海道札幌市東区北19条東15丁目5番1号
サツドラ,サツドラ北19条店,北海道札幌市東区北１９条東１５丁目５−１
サツドラ,サツドラ北26条店,北海道札幌市北区北26条西4丁目3番1号
サツドラ,サツドラ北26条店,北海道札幌市北区北２６条西４丁目３−１
サツドラ,サツドラ北8条店,北海道札幌市東区北8条東4丁目1番20号
サツドラ,サツドラ北8条店,北海道札幌市東区北８条東４丁目１−２０
サツドラ,サツドラ北斗七重浜店,北海道北斗市七重浜3丁目2-52
サツドラ,サツドラ北斗七重浜店,北海道北斗市七重浜３丁目２−５２
サツドラ,サツドラ北斗本町店,北海道北斗市本町3丁目9番7号
サツドラ,サツドラ北栄店,北海道札幌市東区北27条東1丁目3番7号
サツドラ,サツドラ北栄店,北海道札幌市東区北２７条東１丁目３−７
サツドラ,サツドラ北見とん田東町店,北海道北見市とん田東町617番地130
サツドラ,サツドラ北見栄町店,北海道北見市栄町３丁目４−２４
サツドラ,サツドラ北見若葉店,北海道北見市高栄西町１０丁目１３−７
サツドラ,サツドラ十勝清水店,北海道上川郡清水町南1条1丁目2番地2
サツドラ,サツドラ千歳店,北海道千歳市新富３丁目９−３
サツドラ,サツドラ千歳末広店,北海道千歳市末広4丁目3番1号
サツドラ,サツドラ千歳末広店,北海道千歳市末広４丁目３−１
サツドラ,サツドラ千歳梅ヶ丘店,北海道千歳市梅ケ丘１丁目１−１８
サツドラ,サツドラ千歳高台店,北海道千歳市高台5丁目7番12号
サツドラ,サツドラ千歳高台店,北海道千歳市高台５丁目７−１２7番12号
サツドラ,サツドラ南11条店,北海道札幌市中央区南11条西10丁目2番1号
サツドラ,サツドラ南11条店,北海道札幌市中央区南１１条西１０丁目２−番1号
サツドラ,サツドラ南22条店,北海道札幌市中央区南23条西7丁目1-1
サツドラ,サツドラ南22条店,北海道札幌市中央区南２３条西７丁目１−１
サツドラ,サツドラ厚岸店,北海道厚岸郡厚岸町港町3丁目114番
サツドラ,サツドラ士別南大通店,北海道士別市東2条9丁目5
サツドラ,サツドラ大樹店,北海道広尾郡大樹町柏木町7-4
サツドラ,サツドラ大樹店,北海道広尾郡大樹町柏木町７−４
サツドラ,サツドラ大谷地東店,北海道札幌市厚別区大谷地東5丁目13番6号
サツドラ,サツドラ大谷地東店,北海道札幌市厚別区大谷地東５丁目１３−６
サツドラ,サツドラ安平早来店,北海道勇払郡安平町早来大町106番地4
サツドラ,サツドラ宝来店,北海道函館市宝来町10番20号
サツドラ,サツドラ宝来店,北海道函館市宝来町１０−２０
サツドラ,サツドラ室蘭東町店,北海道室蘭市東町1丁目18番21号
サツドラ,サツドラ室蘭東町店,北海道室蘭市東町１丁目１８−番21号
サツドラ,サツドラ室蘭駅前店,北海道室蘭市海岸町1丁目3番16号
サツドラ,サツドラ室蘭駅前店,北海道室蘭市海岸町１丁目３−１６
サツドラ,サツドラ宮の森3条店,北海道札幌市中央区宮の森3条2丁目5番1号
サツドラ,サツドラ宮の森3条店,北海道札幌市中央区宮の森３条２丁目５−１
サツドラ,サツドラ富岡中央店,北海道函館市富岡町3丁目32番1号
サツドラ,サツドラ富岡中央店,北海道函館市富岡町３丁目３２−１
サツドラ,サツドラ富岸店,北海道登別市富岸町2丁目11番
サツドラ,サツドラ富川店,北海道沙流郡日高町富川北３丁目３番12号
サツドラ,サツドラ富良野店,北海道富良野市若葉町１２−１
サツドラ,サツドラ小樽堺町店,北海道小樽市堺町2-17
サツドラ,サツドラ小樽堺町店,北海道小樽市堺町２−１７
サツドラ,サツドラ小樽緑店,北海道小樽市緑1丁目9番1号
サツドラ,サツドラ小樽緑店,北海道小樽市緑１丁目９−１
サツドラ,サツドラ小樽若松店,北海道小樽市若松2丁目6-8
サツドラ,サツドラ小樽若松店,北海道小樽市若松２丁目６−８
サツドラ,サツドラ小樽長橋店,北海道小樽市長橋４丁目６−９
サツドラ,サツドラ小清水店,北海道斜里郡小清水町元町2丁目1番34号
サツドラ,サツドラ屯田8条店,北海道札幌市北区屯田8条7丁目10番33号
サツドラ,サツドラ屯田8条店,北海道札幌市北区屯田８条７丁目１０−３３
サツドラ,サツドラ屯田店,北海道札幌市北区屯田9条3丁目1番1号
サツドラ,サツドラ屯田店,北海道札幌市北区屯田９条３丁目１−１
サツドラ,サツドラ山の手店,北海道札幌市西区山の手3条6丁目5番15号
サツドラ,サツドラ山の手店,北海道札幌市西区山の手３条６丁目５−１５
サツドラ,サツドラ山鼻南14条店,北海道札幌市中央区南14条西15丁目2番12号
サツドラ,サツドラ山鼻南14条店,北海道札幌市中央区南１４条西１５丁目２−１２
サツドラ,サツドラ岩内東山店,北海道岩内郡岩内町字東山９７−４
サツドラ,サツドラ岩内清住店,北海道岩内郡岩内町字清住258番地
サツドラ,サツドラ川下店,北海道札幌市白石区川下3条5丁目1番26号
サツドラ,サツドラ川沿店,北海道札幌市南区川沿３条３丁目３−１０
サツドラ,サツドラ帯広西15条店,北海道帯広市西15条北1丁目1-4
サツドラ,サツドラ帯広西15条店,北海道帯広市西１５条北１丁目１−４
サツドラ,サツドラ帯広西19条店,北海道帯広市西19条南2丁目29-15
サツドラ,サツドラ帯広西19条店,北海道帯広市西１９条南２丁目２９−１５
サツドラ,サツドラ帯広西8条店,北海道帯広市西8条南17丁目2番
サツドラ,サツドラ帯広西8条店,北海道帯広市西８条南１７丁目２２番
サツドラ,サツドラ幕別札内店,北海道中川郡幕別町札内暁町4-2
サツドラ,サツドラ弟子屈店,北海道川上郡弟子屈町鈴蘭3丁目1番7号
サツドラ,サツドラ当別太美店,北海道石狩郡当別町太美町１４７０−４
サツドラ,サツドラ当別店,北海道石狩郡当別町弥生１−４
サツドラ,サツドラ恵庭新町店,北海道恵庭市新町30番地1
サツドラ,サツドラ恵庭泉町店,北海道恵庭市泉町75番地
サツドラ,サツドラ恵庭黄金店,北海道恵庭市黄金南6丁目10番地5
サツドラ,サツドラ手稲前田2条店,北海道札幌市手稲区前田2条13丁目3番20号
サツドラ,サツドラ手稲前田7条店,北海道札幌市手稲区前田7条11丁目2番2号
サツドラ,サツドラ手稲曙5条店,北海道札幌市手稲区曙5条2丁目7番28号
サツドラ,サツドラ斜里店,北海道斜里郡斜里町字豊倉51番5
サツドラ,サツドラ新琴似6番通店,北海道札幌市北区新琴似11条5丁目1番43号
サツドラ,サツドラ新琴似店,北海道札幌市北区新琴似２条８丁目１−１０
サツドラ,サツドラ旭ヶ丘南8条店,北海道札幌市中央区南8条西23丁目4番1号
サツドラ,サツドラ旭ヶ丘南8条店,北海道札幌市中央区南８条西２３丁目４−１
サツドラ,サツドラ旭川4条通店,北海道旭川市4条通10丁目2189-1
サツドラ,サツドラ旭川4条通店,北海道旭川市４条通１０丁目２１８９−１
サツドラ,サツドラ旭川プラタナス通店,北海道旭川市神楽岡6条6丁目1番8号
サツドラ,サツドラ旭川プラタナス通店,北海道旭川市神楽岡６条６丁目１−番8号
サツドラ,サツドラ旭川大町2条店,北海道旭川市大町2条7丁目77番12号
サツドラ,サツドラ旭川豊岡4条店,北海道旭川市豊岡4条3丁目6-13
サツドラ,サツドラ旭川豊岡4条店,北海道旭川市豊岡４条３丁目６−１３
サツドラ,サツドラ春駒通店,北海道帯広市西18条南4丁目45番1号
サツドラ,サツドラ春駒通店,北海道帯広市西１８条南４丁目４５
サツドラ,サツドラ月寒東店,北海道札幌市豊平区月寒東5条8丁目1-1
サツドラ,サツドラ月寒西1条店,北海道札幌市豊平区月寒西1条11丁目3番1号
サツドラ,サツドラ朝里店,北海道小樽市新光1丁目9-17
サツドラ,サツドラ朝里店,北海道小樽市新光１丁目９−１７
サツドラ,サツドラ本郷店,北海道札幌市白石区本郷通4丁目南1番20号
サツドラ,サツドラ本郷店,北海道札幌市白石区本郷通４丁目南１−２０
サツドラ,サツドラ札幌ステラプレイス店,北海道札幌市中央区北5条西2丁目イースト地下1階E-B-17区画
サツドラ,サツドラ東札幌店,北海道札幌市白石区東札幌1条2丁目3番10号
サツドラ,サツドラ東苗穂4条店,北海道札幌市東区東苗穂4条２丁目5番1号
サツドラ,サツドラ東雁来11条店,北海道札幌市東区東雁来11条4丁目1番30号
サツドラ,サツドラ栄町店,北海道札幌市東区北41条東17丁目4番15号
サツドラ,サツドラ栄町店,北海道札幌市東区北４１条東１７丁目４−１５
サツドラ,サツドラ栗山朝日店,北海道夕張郡栗山町朝日4丁目10-1
サツドラ,サツドラ根室店,北海道根室市大正町1丁目32番2
サツドラ,サツドラ根室西浜店,北海道根室市西浜町8丁目95番1
サツドラ,サツドラ桑園北8条店,北海道札幌市中央区北8条西22丁目2-16
サツドラ,サツドラ桑園北8条店,北海道札幌市中央区北８条西２２丁目２−１６
サツドラ,サツドラ森店,北海道茅部郡森町本町50番地3
サツドラ,サツドラ標茶店,北海道川上郡標茶町開運3丁目6番1号
サツドラ,サツドラ江別一番町店,北海道江別市一番町4-20
サツドラ,サツドラ江別一番町店,北海道江別市一番町4−２０
サツドラ,サツドラ江別錦店,北海道江別市錦町43番地の3
サツドラ,サツドラ江差店,北海道檜山郡江差町字円山299番46
サツドラ,サツドラ江差柳崎店,北海道檜山郡江差町字柳崎町92-25
サツドラ,サツドラ池田店,北海道中川郡池田町字利別南町26番4
サツドラ,サツドラ洞爺湖旭町店,北海道虻田郡洞爺湖町旭町５−２２
サツドラ,サツドラ津別店,北海道網走郡津別町字幸町４１
サツドラ,サツドラ浜頓別店,北海道枝幸郡浜頓別町大通5丁目6
サツドラ,サツドラ浦河店,北海道浦河郡浦河町堺町西６丁目２−１３
サツドラ,サツドラ深川店,北海道深川市3条18番28号
サツドラ,サツドラ深川店,北海道深川市３条１８28号
サツドラ,サツドラ清田2条店,北海道札幌市清田区清田2条2丁目20番20号
サツドラ,サツドラ清田2条店,北海道札幌市清田区清田２条２丁目２０−２０
サツドラ,サツドラ滝川西店,北海道滝川市西町４丁目１−２１２−４９
サツドラ,サツドラ狸小路5丁目店,北海道札幌市中央区南3条西5丁目14
サツドラ,サツドラ狸小路大王ビル店,北海道札幌市中央区南2条西5丁目23-1
サツドラ,サツドラ狸小路大王ビル店,北海道札幌市中央区南２条西５丁目２３−１
サツドラ,サツドラ留萌潮静店,北海道留萌市潮静1丁目1番地3
サツドラ,サツドラ留萌花園店,北海道留萌市花園町３丁目２−１１
サツドラ,サツドラ発寒5条店,北海道札幌市西区発寒5条8丁目1番37号
サツドラ,サツドラ発寒5条店,北海道札幌市西区発寒５条８丁目１−３７
サツドラ,サツドラ登別温泉店,北海道登別市登別温泉町72番地
サツドラ,サツドラ白樺店,北海道帯広市白樺16条西2丁目7-7
サツドラ,サツドラ白樺店,北海道帯広市白樺１６条西２丁目７−７
サツドラ,サツドラ白石本通店,北海道札幌市白石区本通13丁目南5-1
サツドラ,サツドラ白石本通店,北海道札幌市白石区本通１３丁目南５−１
サツドラ,サツドラ白糠駅前店,北海道白糠郡白糠町東２条南２丁目１番１
サツドラ,サツドラ白老末広店,北海道白老郡白老町末広町1丁目4番23号
サツドラ,サツドラ真駒内緑町店,北海道札幌市南区真駒内緑町1丁目1番6号
サツドラ,サツドラ真駒内緑町店,北海道札幌市南区真駒内緑町１丁目１−６
サツドラ,サツドラ福井店,北海道札幌市西区福井4丁目3-1
サツドラ,サツドラ福井店,北海道札幌市西区福井４丁目３−１
サツドラ,サツドラ稚内ララプラザ店,北海道稚内市潮見１丁目１０−１５
サツドラ,サツドラ稚内中央店,北海道稚内市中央２丁目１４-２３号
サツドラ,サツドラ稚内中央店,北海道稚内市中央２丁目１４−２３号
サツドラ,サツドラ稚内店,北海道稚内市潮見2丁目5番35号
サツドラ,サツドラ稚内店,北海道稚内市潮見２丁目５−３５
サツドラ,サツドラ端野店,北海道北見市端野町三区564-1
サツドラ,サツドラ端野店,北海道北見市端野町三区５６４−１
サツドラ,サツドラ篠路店,北海道札幌市北区篠路5条5丁目1番地5
サツドラ,サツドラ紋別店,北海道紋別市落石町１丁目２８−３５
サツドラ,サツドラ紋別本町店,北海道紋別市本町7丁目1番16号
サツドラ,サツドラ網走店,北海道網走市つくしケ丘２丁目３−２
サツドラ,サツドラ美しが丘南店,北海道札幌市清田区美しが丘4条6丁目2番1号
サツドラ,サツドラ美唄店,北海道美唄市大通西1条南2丁目1番1号
サツドラ,サツドラ美唄店,北海道美唄市大通西１条南２丁目１−１
サツドラ,サツドラ苫小牧しらかば店,北海道苫小牧市しらかば町2丁目1番23号
サツドラ,サツドラ苫小牧しらかば店,北海道苫小牧市しらかば町２丁目１１−番23号
サツドラ,サツドラ苫小牧ときわ町店,北海道苫小牧市ときわ町3丁目17番17号
サツドラ,サツドラ苫小牧ときわ町店,北海道苫小牧市ときわ町３丁目１７−１７17番17号
サツドラ,サツドラ虹ヶ丘店,北海道北広島市虹ヶ丘6丁目8
サツドラ,サツドラ西宮の沢4条店,北海道札幌市手稲区西宮の沢4条2丁目4番1号
サツドラ,サツドラ西岡店,北海道札幌市豊平区西岡4条11丁目16番25号
サツドラ,サツドラ西岡店,北海道札幌市豊平区西岡４条１１丁目１６−２５
サツドラ,サツドラ西岡札大前店,北海道札幌市豊平区西岡3条7丁目3番13号
サツドラ,サツドラ西岡札大前店,北海道札幌市豊平区西岡３条７丁目３−１３
サツドラ,サツドラ西町南店,北海道札幌市西区西町南４丁目１−１０
サツドラ,サツドラ西線店,北海道札幌市中央区南7条西15丁目1-6
サツドラ,サツドラ西線店,北海道札幌市中央区南７条西１５丁目１−６
サツドラ,サツドラ西野1条店,北海道札幌市西区西野1条3丁目1-5
サツドラ,サツドラ西野8条店,北海道札幌市西区西野８条４丁目１１−２２
サツドラ,サツドラ豊平3条店,北海道札幌市豊平区豊平3条2丁目1番35号
サツドラ,サツドラ豊平3条店,北海道札幌市豊平区豊平３条２丁目１−３５
サツドラ,サツドラ豊平美園店,北海道札幌市豊平区美園9条3丁目2-1
サツドラ,サツドラ豊平美園店,北海道札幌市豊平区美園９条３丁目２−１
サツドラ,サツドラ足寄南店,北海道足寄郡足寄町南3条1丁目10番地
サツドラ,サツドラ遠軽店,北海道紋別郡遠軽町2条通北1丁目4番3号
サツドラ,サツドラ釧路星が浦大通店,北海道釧路市星が浦大通２丁目8番14号
サツドラ,サツドラ釧路星が浦大通店,北海道釧路市星が浦大通２丁目８−１４
サツドラ,サツドラ釧路昭和中央店,北海道釧路市昭和中央1丁目1番2号
サツドラ,サツドラ釧路昭和中央店,北海道釧路市昭和中央１丁目１−２
サツドラ,サツドラ釧路曙店,北海道釧路郡釧路町曙4丁目11番地13
サツドラ,サツドラ静内店,北海道日高郡新ひだか町静内木場町1丁目1番128号
サツドラ,サツドラ音更宝来店,北海道河東郡音更町ひびき野仲町１丁目９−１
サツドラ,サツドラ音更木野タウン店,北海道河東郡音更町木野大通東11丁目２番地2
サツドラ,サツドラ麻生北35条店,北海道札幌市北区北35条西4丁目2番15号
サツドラ,サツドラ麻生北35条店,北海道札幌市北区北３５条西４丁目２−１５
サツドラ,サツドラ麻生北40条店,北海道札幌市東区北40条東1丁目1番27号
サツドラ,サツドラ麻生北40条店,北海道札幌市東区北４０条東１丁目１−２７
サンドラッグ,サンドラッグ BiVi新さっぽろ店,北海道札幌市厚別区厚別中央１条６丁目３−３1階
サンドラッグ,サンドラッグ ウェスタン川端店,北海道旭川市川端町７条１０丁目１−２２１３
サンドラッグ,サンドラッグ ベストム東神楽店,北海道上川郡東神楽町ひじり野南１条５丁目１−１
サンドラッグ,サンドラッグ 上野幌店,北海道札幌市厚別区上野幌３条４丁目１９−２６
サンドラッグ,サンドラッグ 伏古6条店,北海道札幌市東区伏古６条４丁目１−１
サンドラッグ,サンドラッグ 函館美原店,"北海道函館市美原１丁目７−１1,ＭＥＧＡドン・キホーテ函館店"
サンドラッグ,サンドラッグ 北34条西店,北海道札幌市北区北３４条西１１丁目３−１６
サンドラッグ,サンドラッグ 北二十条店,北海道札幌市東区北２０条東８丁目１−３
サンドラッグ,サンドラッグ 北四十一条店,北海道札幌市東区北４１条東９丁目３−３−１
サンドラッグ,サンドラッグ 北広島店,北海道北広島市美沢１丁目２−５
サンドラッグ,サンドラッグ 北見店,北海道北見市とん田西町２１８−５
サンドラッグ,サンドラッグ 北郷店,北海道札幌市白石区北郷３条６丁目１−１６
サンドラッグ,サンドラッグ 北野4条店,北海道札幌市清田区北野４条２丁目８−３３
サンドラッグ,サンドラッグ 南4条店,北海道札幌市中央区南４条西１８丁目１−１５
サンドラッグ,サンドラッグ 南郷４丁目店,北海道札幌市白石区南郷通４丁目北１−３６
サンドラッグ,サンドラッグ 小樽南店,北海道小樽市入船１丁目７−１１
サンドラッグ,サンドラッグ 小樽稲穂店,北海道小樽市稲穂５丁目１０−１
サンドラッグ,サンドラッグ 屯田店,北海道札幌市北区屯田８条４丁目１−２４
サンドラッグ,サンドラッグ 岩見沢8条東店,北海道岩見沢市８条東１１丁目８−１９
サンドラッグ,サンドラッグ 岩見沢十条西店,北海道岩見沢市１０条西１９丁目１−１
サンドラッグ,サンドラッグ 平岡3条店,北海道札幌市清田区平岡３条１丁目１−８
サンドラッグ,サンドラッグ 忠和店,北海道旭川市忠和６条８丁目１−１４
サンドラッグ,サンドラッグ 手稲前田店,北海道札幌市手稲区前田５条１３丁目３−１
サンドラッグ,サンドラッグ 新琴似店,北海道札幌市北区新琴似７条１２丁目３−１２−３
サンドラッグ,サンドラッグ 新発寒5条店,北海道札幌市手稲区新発寒５条３丁目１−１４
サンドラッグ,サンドラッグ 旭川シーナ店,北海道旭川市永山３条１−１５−１
サンドラッグ,サンドラッグ 旭町店,北海道釧路市川上町９丁目７
サンドラッグ,サンドラッグ 明野店,北海道苫小牧市明野新町５丁目１８−２７
サンドラッグ,サンドラッグ 星が浦店,北海道釧路市星が浦大通２丁目６−６−１
サンドラッグ,サンドラッグ 星置店,北海道札幌市手稲区星置１条３丁目２−２
サンドラッグ,サンドラッグ 春光店,北海道旭川市末広４条１丁目１−４５２−７７
サンドラッグ,サンドラッグ 春採店,北海道釧路市春採４丁目９−１２
サンドラッグ,サンドラッグ 月寒西店,北海道札幌市豊平区月寒西３条１０丁目２−３０
サンドラッグ,サンドラッグ 東光店,北海道旭川市豊岡１条５丁目１
サンドラッグ,サンドラッグ 松陰店,北海道函館市松陰町２１−２１
サンドラッグ,サンドラッグ 永山ウエスタンパワーズ店,北海道旭川市永山１２条３丁目１２２−５５
サンドラッグ,サンドラッグ 田家店,北海道函館市田家町１７−４０
サンドラッグ,サンドラッグ 発寒6条店,北海道札幌市西区発寒６条９丁目１７−４０2F
サンドラッグ,サンドラッグ 白樺通18条店,北海道帯広市西１８条南３丁目２７−３１
サンドラッグ,サンドラッグ 美しが丘店,北海道札幌市清田区美しが丘３条４丁目１−２０
サンドラッグ,サンドラッグ 美原二丁目店,北海道函館市美原２丁目１７−１
サンドラッグ,サンドラッグ 花川北店,北海道石狩市花川北６条１丁目１５−１
サンドラッグ,サンドラッグ 苫小牧ときわ店,北海道苫小牧市ときわ町３丁目１６−５
サンドラッグ,サンドラッグ 苫小牧三光店,北海道苫小牧市三光町５丁目７−１４
サンドラッグ,サンドラッグ 苫小牧緑町,北海道苫小牧市緑町２丁目８−１０
サンドラッグ,サンドラッグ 藤野店,北海道札幌市南区藤野２条４丁目１−１
サンドラッグ,サンドラッグ 西5条弥生店,北海道帯広市西５条南２８丁目１−２
サンドラッグ,サンドラッグ 西岡店,北海道札幌市豊平区西岡３条５丁目４−１０
サンドラッグ,サンドラッグ 西帯広店,北海道帯広市西２１条南４丁目４−１
サンドラッグ,サンドラッグ 西野3条店,北海道札幌市西区西野３条６丁目２−１０
サンドラッグ,サンドラッグ 豊岡7条店,北海道旭川市豊岡７条８丁目１−４
サンドラッグ,サンドラッグ北見青葉,北海道北見市青葉町１２−２３
サンドラッグ,サンドラッグ帯広西８条南店,北海道帯広市西８条南１１丁目2−１
サンドラッグ,サンドラッグ狸小路２丁目,北海道札幌市中央区南３条西２丁目１２−１
サンドラッグ,サンドラッグ稲田店,北海道帯広市稲田町南８線１０
サンドラッグ,サンドラッグ苫小牧光洋,北海道苫小牧市光洋町１丁目１４−１２
サンドラッグ,サンドラッグ菊水元町店,北海道札幌市白石区菊水元町３条３丁目１−２１
サンドラッグ,サンドラッグ釧路睦店,北海道釧路郡釧路町睦１丁目１−１
サンドラッグ,サンドラッグ鳥取大通店,北海道釧路市鳥取大通２丁目２−２４
サンドラッグ,㈱サンドラッグプラス 本社,北海道札幌市東区北４１条東９丁目３−１
サンドラッグ,名寄市,北海道中北部に位置し、上川総合振興局に属する市である。ウィキペディア
サンドラッグ,根室市,北海道東部にある市。根室振興局の振興局所在地。北海道本島最東端の自治体かつ、日本の市で最も東に位置する。ウィキペディア
サンドラッグ,留萌市,北海道北西部の市。留萌振興局の振興局所在地。ウィキペディア
サンドラッグ,稚内市,北海道北部にある市。沖合漁業を中心とする水産都市として発展した、宗谷地域に位置する北海道北部の中核都市で、宗谷総合振興局の振興局所在地である。北方領土を除く日本本土の最北端に位置する。ウィキペディア
セイムス,ドラッグセイムス 北１８条店,北海道札幌市北区北１７条西４丁目２−２１
セイムス,ドラッグセイムス 岩見沢２条東店,北海道岩見沢市２条東１５丁目５−２
セイムス,ドラッグセイムス 平和通店,北海道札幌市白石区平和通１丁目南２−３
セイムス,ドラッグセイムス 札幌琴似2条店,北海道札幌市西区琴似２条３丁目１−５
セイムス,ドラッグセイムス 札幌苗穂店,北海道札幌市東区北１２条東１７丁目１−１
セイムス,ドラッグセイムス 環状通美園店,北海道札幌市白石区東札幌１条６丁目１−１３
セイムス,ドラッグセイムス 美唄駅東店,北海道上川郡美唄市東２条南１丁目１−２
ツルハドラッグ,クスリのツルハ 川沿店,北海道札幌市川沿1条1丁目2-45
ツルハドラッグ,ツルハドラック,北海道札幌市中央区北５条西１８丁目９−６premiumgarden北円山１F
ツルハドラッグ,ツルハドラッグ OK店,北海道河東郡音更町木野大通西17丁目
ツルハドラッグ,ツルハドラッグ あいの里店,北海道札幌市あいの里2条6丁目1番28号
ツルハドラッグ,ツルハドラッグ あいの里店,北海道札幌市北区あいの里２条６丁目１−２８
ツルハドラッグ,ツルハドラッグ すずらん台店,北海道河東郡音更町すずらん台仲町1丁目1-1
ツルハドラッグ,ツルハドラッグ つくしケ丘店,北海道網走市つくしケ丘1丁目3番1号
ツルハドラッグ,ツルハドラッグ ひばりが丘店,北海道札幌市厚別南２丁目１０番地４
ツルハドラッグ,ツルハドラッグ むかわ店,北海道勇払郡むかわ町末広2丁目125番地
ツルハドラッグ,ツルハドラッグ クレッセ琴似店,北海道札幌市琴似3条7丁目5番1号
ツルハドラッグ,ツルハドラッグ マックスバリュ 深川店 - 閉店,北海道深川市５条２０マックスバリュ深川店内
ツルハドラッグ,ツルハドラッグ マックスバリュ恵庭店,北海道恵庭市恵央町11-1
ツルハドラッグ,ツルハドラッグ マックスバリュ恵庭店,北海道恵庭市恵央町１１−１
ツルハドラッグ,ツルハドラッグ マックスバリュ静内店,北海道日高郡新ひだか静内木場1丁目1-69
ツルハドラッグ,ツルハドラッグ 七飯大川店,北海道亀田郡七飯町大川1-2-13
ツルハドラッグ,ツルハドラッグ 七飯店,北海道亀田郡七飯町本町4丁目1番41号
ツルハドラッグ,ツルハドラッグ 七飯鳴川店,北海道亀田郡七飯町鳴川3丁目26-8
ツルハドラッグ,ツルハドラッグ 三笠店,北海道三笠市若松町12-7
ツルハドラッグ,ツルハドラッグ 上富良野旭町店,北海道空知郡上富良野町旭町4丁目212-108
ツルハドラッグ,ツルハドラッグ 上江別店,北海道江別市上江別443番地-1
ツルハドラッグ,ツルハドラッグ 上野幌店,北海道札幌市上野幌3条2丁目1番5号
ツルハドラッグ,ツルハドラッグ 中の島2条店,北海道札幌市中の島二条9丁目4番21号
ツルハドラッグ,ツルハドラッグ 中標津中央店,北海道標津郡中標津町東5条北1丁目1-1
ツルハドラッグ,ツルハドラッグ 中標津店,北海道標津郡中標津町東15条南1丁目
ツルハドラッグ,ツルハドラッグ 中標津東店,北海道標津郡中標津町東18条南11丁目1-1
ツルハドラッグ,ツルハドラッグ 亀田本町店,北海道函館市亀田本町4番5号
ツルハドラッグ,ツルハドラッグ 亀田本町店,北海道函館市亀田本町４−５
ツルハドラッグ,ツルハドラッグ 五稜郭店,北海道函館市港町１丁目１−２
ツルハドラッグ,ツルハドラッグ 代々木店,北海道江別市野幌代々木町77-1
ツルハドラッグ,ツルハドラッグ 代々木店,北海道江別市野幌代々木町77−１
ツルハドラッグ,ツルハドラッグ 伊達店,北海道伊達市末永町7番1
ツルハドラッグ,ツルハドラッグ 伊達末永店,北海道伊達市末永町49-54
ツルハドラッグ,ツルハドラッグ 伊達舟岡店,北海道伊達市舟岡町158-1
ツルハドラッグ,ツルハドラッグ 伏古11条店,北海道札幌市伏古１１条４丁目1番７号
ツルハドラッグ,ツルハドラッグ 伏古店,北海道札幌市伏古5条4丁目
ツルハドラッグ,ツルハドラッグ 余市大川店,北海道余市郡大川町18丁目12番地
ツルハドラッグ,ツルハドラッグ 余市店,北海道余市郡大川町8丁目100-1
ツルハドラッグ,ツルハドラッグ 倶知安南店,北海道虻田郡倶知安町南11条西1丁目
ツルハドラッグ,ツルハドラッグ 倶知安店,北海道虻田郡倶知安町南6条西1丁目15-5
ツルハドラッグ,ツルハドラッグ 倶知安駅前通店,北海道虻田郡倶知安町南1条西1丁目27
ツルハドラッグ,ツルハドラッグ 元町店,北海道札幌市北24条東20丁目1-21
ツルハドラッグ,ツルハドラッグ 元町駅前店,北海道札幌市北23条東16丁目1-11
ツルハドラッグ,ツルハドラッグ 元町駅前店,北海道札幌市東区北２３条東１６丁目１−１１
ツルハドラッグ,ツルハドラッグ 八軒店,北海道札幌市八軒6条西6丁目3番1号
ツルハドラッグ,ツルハドラッグ 八軒店,北海道札幌市西区八軒６条西６丁目３−１
ツルハドラッグ,ツルハドラッグ 八雲店,北海道二海郡八雲町東雲町17番地47
ツルハドラッグ,ツルハドラッグ 八雲本町店,北海道二海郡八雲町本町152-1
ツルハドラッグ,ツルハドラッグ 共和店,北海道岩内郡共和町梨野舞納50-4
ツルハドラッグ,ツルハドラッグ 円山店,北海道札幌市北1条西24丁目4-1
ツルハドラッグ,ツルハドラッグ 円山店,北海道札幌市中央区北１条西２４丁目４−１東光ストア円山店内
ツルハドラッグ,ツルハドラッグ 函館人見店,北海道函館市人見町25番1号
ツルハドラッグ,ツルハドラッグ 函館人見店,北海道函館市人見町２５−１
ツルハドラッグ,ツルハドラッグ 函館大町店,北海道函館市大町3番21号
ツルハドラッグ,ツルハドラッグ 函館大町店,北海道函館市大町３−２１
ツルハドラッグ,ツルハドラッグ 函館日吉店,北海道函館市日吉町4丁目16-31
ツルハドラッグ,ツルハドラッグ 函館日吉店,北海道函館市日吉町４丁目１６−３１
ツルハドラッグ,ツルハドラッグ 函館松風店,北海道函館市松風町１２−６
ツルハドラッグ,ツルハドラッグ 函館柳町店,北海道函館市柳町13番1号
ツルハドラッグ,ツルハドラッグ 函館柳町店,北海道函館市柳町１３−１
ツルハドラッグ,ツルハドラッグ 函館桔梗南店,北海道函館市桔梗2丁目10番8号
ツルハドラッグ,ツルハドラッグ 函館桔梗店,北海道函館市桔梗3丁目30番18号
ツルハドラッグ,ツルハドラッグ 函館湯川西店,北海道函館市湯川町1丁目24番16号
ツルハドラッグ,ツルハドラッグ 函館的場店,北海道函館市的場町10番3号
ツルハドラッグ,ツルハドラッグ 函館的場店,北海道函館市的場町１０−３
ツルハドラッグ,ツルハドラッグ 函館石川店,北海道函館市石川町315-9
ツルハドラッグ,ツルハドラッグ 函館石川店,北海道函館市石川町３１５−９
ツルハドラッグ,ツルハドラッグ 函館花園店,北海道函館市日吉町3丁目45番31号
ツルハドラッグ,ツルハドラッグ 函館花園店,北海道函館市日吉町３丁目４５−３１
ツルハドラッグ,ツルハドラッグ 函館若松店,北海道函館市36番21号
ツルハドラッグ,ツルハドラッグ 函館若松店,北海道函館市若松町３６−２１
ツルハドラッグ,ツルハドラッグ 函館鍛治店,北海道函館市鍛治２丁目２２−８
ツルハドラッグ,ツルハドラッグ 別海店,北海道野付郡別海町別海旭町150-22
ツルハドラッグ,ツルハドラッグ 北10条店,北海道札幌市北10条東5丁目1-40
ツルハドラッグ,ツルハドラッグ 北10条店,北海道札幌市東区北１０条東５丁目１−４０
ツルハドラッグ,ツルハドラッグ 北10条西店,北海道札幌市北10条西3丁目9-2
ツルハドラッグ,ツルハドラッグ 北10条西店,北海道札幌市北区北１０条西３丁目9−２THEPLACESAPPORO１F
ツルハドラッグ,ツルハドラッグ 北12条店,北海道札幌市北12条東8丁目1番15号
ツルハドラッグ,ツルハドラッグ 北12条駅前店,北海道札幌市北12条西3丁目1番6号
ツルハドラッグ,ツルハドラッグ 北24条中央店,北海道札幌市北24条西4丁目2番8号
ツルハドラッグ,ツルハドラッグ 北24条中央店,北海道札幌市北区北２４条西４丁目２−８パワービルN241階
ツルハドラッグ,ツルハドラッグ 北24条店,北海道札幌市北24条西4丁目1番20号
ツルハドラッグ,ツルハドラッグ 北24条西店,北海道札幌市北区北区北２４条西９丁目１−１
ツルハドラッグ,ツルハドラッグ 北26条店,北海道札幌市北26条東15丁目1-15
ツルハドラッグ,ツルハドラッグ 北35条店,北海道札幌市北35条東3丁目1-1
ツルハドラッグ,ツルハドラッグ 北35条店,北海道札幌市東区北３５条東３丁目１−１
ツルハドラッグ,ツルハドラッグ 北35条東店,北海道札幌市北35条東19丁目１番15号
ツルハドラッグ,ツルハドラッグ 北35条東店,北海道札幌市東区北３５条東１９丁目１−１５
ツルハドラッグ,ツルハドラッグ 北36条西店,北海道札幌市北36条西9丁目2番10号
ツルハドラッグ,ツルハドラッグ 北41条店,北海道札幌市北41条東5丁目2番18号
ツルハドラッグ,ツルハドラッグ 北41条店,北海道札幌市東区北４１条東５丁目２−１８
ツルハドラッグ,ツルハドラッグ 北4条店,北海道札幌市中央区北４条西１８丁目8番１プレミアムガーデン北円山1Ｆ
ツルハドラッグ,ツルハドラッグ 北50条店,北海道札幌市北５０条東８丁目１番３８号
ツルハドラッグ,ツルハドラッグ 北6条店,北海道札幌市北６条東３丁目1-1
ツルハドラッグ,ツルハドラッグ 北6条店,北海道札幌市東区北６条東３丁目1−１ダ・ヴィンチモール１階
ツルハドラッグ,ツルハドラッグ 北光店,北海道深川市北光町3丁目4番10号
ツルハドラッグ,ツルハドラッグ 北光店,北海道深川市北光町３丁目４10号
ツルハドラッグ,ツルハドラッグ 北円山店,北海道札幌市北2条西28丁目1番26号
ツルハドラッグ,ツルハドラッグ 北円山店,北海道札幌市中央区北２条西２８丁目１−２６
ツルハドラッグ,ツルハドラッグ 北広島中央店,北海道北広島市中央５丁目６番地５
ツルハドラッグ,ツルハドラッグ 北広島大曲店,北海道北広島市大曲幸町7丁目1-3
ツルハドラッグ,ツルハドラッグ 北広島店,北海道北広島市美沢4丁目1番地1
ツルハドラッグ,ツルハドラッグ 北斗七重浜店,北海道北斗市七重浜７丁目3-41
ツルハドラッグ,ツルハドラッグ 北斗中野通店,北海道北斗市中野通199番1
ツルハドラッグ,ツルハドラッグ 北美原店,北海道函館市美原5丁目40番8号
ツルハドラッグ,ツルハドラッグ 北美原店,北海道函館市美原５丁目４０−８
ツルハドラッグ,ツルハドラッグ 北見とん田西町店,北海道北見市とん田西町308番地1
ツルハドラッグ,ツルハドラッグ 北見メッセ店,北海道北見市中央三輪５丁目423番地5
ツルハドラッグ,ツルハドラッグ 北見三輪北店,北海道北見市中央三輪２丁目３１３−１
ツルハドラッグ,ツルハドラッグ 北見中央三輪店,北海道北見市中央三輪2丁目401-2
ツルハドラッグ,ツルハドラッグ 北見中央三輪店,北海道北見市中央三輪２丁目４０１−２
ツルハドラッグ,ツルハドラッグ 北見公園店,北海道北見市公園町１３９−１０
ツルハドラッグ,ツルハドラッグ 北見北斗店,北海道北見市北斗町3丁目4番8号
ツルハドラッグ,ツルハドラッグ 北見北斗店,北海道北見市北斗町３丁目４8号
ツルハドラッグ,ツルハドラッグ 北見南町店,北海道北見市南町1丁目8番5号
ツルハドラッグ,ツルハドラッグ 北見南町店,北海道北見市南町１丁目８−５
ツルハドラッグ,ツルハドラッグ 北見春光店,北海道北見市春光町1丁目49番地11
ツルハドラッグ,ツルハドラッグ 北見東三輪店,北海道北見市東三輪3丁目21番1
ツルハドラッグ,ツルハドラッグ 北見留辺蘂店,北海道北見市留辺蘂町旭公園95-9
ツルハドラッグ,ツルハドラッグ 北見留辺蘂店,北海道北見市留辺蘂町旭公園95−９
ツルハドラッグ,ツルハドラッグ 北見美芳店,北海道北見市美芳町8丁目3番9号
ツルハドラッグ,ツルハドラッグ 北見美芳店,北海道北見市美芳町８丁目３9号
ツルハドラッグ,ツルハドラッグ 北見美芳東店,北海道北見市美芳町7丁目1番7号
ツルハドラッグ,ツルハドラッグ 北見美芳東店,北海道北見市美芳町７丁目１−７
ツルハドラッグ,ツルハドラッグ 北見高栄店,北海道北見市高栄西町7丁目6番12号
ツルハドラッグ,ツルハドラッグ 北見高栄店,北海道北見市高栄西町７丁目６−１２
ツルハドラッグ,ツルハドラッグ 北郷4条店,北海道札幌市北郷4条13丁目3番1号
ツルハドラッグ,ツルハドラッグ 北郷店,北海道札幌市北郷2条3丁目3-10
ツルハドラッグ,ツルハドラッグ 北野6条店,北海道札幌市北野6条2丁目14-10
ツルハドラッグ,ツルハドラッグ 北野店,北海道札幌市北野7条5丁目12番20号
ツルハドラッグ,ツルハドラッグ 北陽店 - 閉店,北海道千歳市北陽１丁目１２−６
ツルハドラッグ,ツルハドラッグ 千歳住吉店,北海道千歳市住吉2丁目7番8号
ツルハドラッグ,ツルハドラッグ 千歳住吉店,北海道千歳市住吉２丁目７−８
ツルハドラッグ,ツルハドラッグ 千歳北陽店,北海道千歳市あずさ4丁目3番1号
ツルハドラッグ,ツルハドラッグ 千歳北陽店,北海道千歳市あずさ４丁目３−１
ツルハドラッグ,ツルハドラッグ 千歳向陽台店,北海道千歳市白樺2丁目6番2
ツルハドラッグ,ツルハドラッグ 千歳新富店,北海道千歳市新富１丁目５10号
ツルハドラッグ,ツルハドラッグ 千歳東郊店,北海道千歳市東郊1丁目２
ツルハドラッグ,ツルハドラッグ 千歳緑町店,北海道千歳市緑町２丁目１−５８
ツルハドラッグ,ツルハドラッグ 千歳長都店,北海道千歳市長都駅前2丁目842番地2
ツルハドラッグ,ツルハドラッグ 千歳高台店,北海道千歳市高台4丁目3番5号
ツルハドラッグ,ツルハドラッグ 千歳高台店,北海道千歳市高台４丁目３5号
ツルハドラッグ,ツルハドラッグ 南14条店,北海道札幌市南14条西14丁目
ツルハドラッグ,ツルハドラッグ 南14条店,北海道札幌市中央区南１４条西１４丁目
ツルハドラッグ,ツルハドラッグ 南20条店,北海道札幌市南20条西14丁目1-32
ツルハドラッグ,ツルハドラッグ 南22条店,北海道札幌市南22条西10丁目5-1
ツルハドラッグ,ツルハドラッグ 南6条店,北海道札幌市南6条西9丁目1018番地2
ツルハドラッグ,ツルハドラッグ 南6条店,北海道札幌市中央区南６条西９丁目1018番地2
ツルハドラッグ,ツルハドラッグ 南8条店,北海道札幌市中央区南８条西７丁目１０３７−２７
ツルハドラッグ,ツルハドラッグ 南幌店,北海道空知郡南幌町中央2丁目1番2号
ツルハドラッグ,ツルハドラッグ 南滝の川店,北海道滝川市南滝の川131-5
ツルハドラッグ,ツルハドラッグ 南稚内店,北海道稚内市大黒２丁目3番3号
ツルハドラッグ,ツルハドラッグ 南稚内店,北海道稚内市大黒２丁目３−３
ツルハドラッグ,ツルハドラッグ 南郷20丁目店,北海道札幌市南郷20丁目南4番15号
ツルハドラッグ,ツルハドラッグ 厚別南中央店,北海道札幌市厚別南1丁目18番20号
ツルハドラッグ,ツルハドラッグ 厚別南店,北海道札幌市厚別南5丁目22-50
ツルハドラッグ,ツルハドラッグ 厚別東2条店,北海道札幌市厚別東2条1丁目2番10号
ツルハドラッグ,ツルハドラッグ 厚別東2条店,北海道札幌市厚別区厚別東２条１丁目２−１０
ツルハドラッグ,ツルハドラッグ 厚別東店,北海道札幌市厚別東5条3丁目24-7
ツルハドラッグ,ツルハドラッグ 厚別東店,北海道札幌市厚別区厚別東５条３丁目２４−７
ツルハドラッグ,ツルハドラッグ 厚別西店,北海道札幌市厚別西3条4丁目1番33号
ツルハドラッグ,ツルハドラッグ 厚別西店,北海道札幌市厚別区厚別西３条４丁目１−３３
ツルハドラッグ,ツルハドラッグ 厚岸店,北海道厚岸郡厚岸町港町4丁目166番
ツルハドラッグ,ツルハドラッグ 名寄徳田南店,北海道名寄市徳田359番地8
ツルハドラッグ,ツルハドラッグ 名寄徳田店,北海道名寄市徳田88-6
ツルハドラッグ,ツルハドラッグ 名寄徳田店,北海道名寄市徳田８８−６
ツルハドラッグ,ツルハドラッグ 名寄西4条店,北海道名寄市南6丁目8番地
ツルハドラッグ,ツルハドラッグ 名寄西4条店,北海道名寄市西4条６丁目南6丁目8番地
ツルハドラッグ,ツルハドラッグ 士別中央店,北海道士別市東4条5丁目14番地
ツルハドラッグ,ツルハドラッグ 士別店,北海道士別市16丁目3141-192
ツルハドラッグ,ツルハドラッグ 夕陽ケ丘店,北海道北見市北進町1丁目13-26
ツルハドラッグ,ツルハドラッグ 夕陽ケ丘店,北海道北見市北進町１丁目１３−２６
ツルハドラッグ,ツルハドラッグ 大谷地店,北海道札幌市南郷通18丁目南5-20
ツルハドラッグ,ツルハドラッグ 大谷地東店,北海道札幌市大谷地東3丁目3番20号
ツルハドラッグ,ツルハドラッグ 大麻中央店,北海道江別市大麻南樹町1-3
ツルハドラッグ,ツルハドラッグ 大麻中央店,北海道江別市大麻南樹町1−３
ツルハドラッグ,ツルハドラッグ 大麻北店,北海道江別市大麻北町521-34
ツルハドラッグ,ツルハドラッグ 大麻北店,北海道江別市大麻北町５２１−３４
ツルハドラッグ,ツルハドラッグ 大麻店,北海道江別市大麻東町14−５
ツルハドラッグ,ツルハドラッグ 天塩店,北海道天塩郡天塩町字川口5690-3
ツルハドラッグ,ツルハドラッグ 女満別店,北海道網走郡大空町女満別西4条4丁目2番8号
ツルハドラッグ,ツルハドラッグ 室蘭中島北店,北海道室蘭市中島町1丁目28番6号
ツルハドラッグ,ツルハドラッグ 室蘭中島北店,北海道室蘭市中島町１丁目２８−６
ツルハドラッグ,ツルハドラッグ 室蘭宮の森店,北海道室蘭市宮の森町4丁目10番1号
ツルハドラッグ,ツルハドラッグ 室蘭宮の森店,北海道室蘭市宮の森町４丁目１０
ツルハドラッグ,ツルハドラッグ 室蘭寿町店,北海道室蘭市2丁目14番2号
ツルハドラッグ,ツルハドラッグ 室蘭寿町店,北海道室蘭市寿町２丁目１４
ツルハドラッグ,ツルハドラッグ 室蘭母恋店,北海道室蘭市母恋北町2丁目2番5号
ツルハドラッグ,ツルハドラッグ 室蘭母恋店,北海道室蘭市母恋北町２丁目２−５
ツルハドラッグ,ツルハドラッグ 室蘭築地店,北海道室蘭市築地町89番地31
ツルハドラッグ,ツルハドラッグ 室蘭輪西店,北海道室蘭市輪西町1丁目33
ツルハドラッグ,ツルハドラッグ 室蘭輪西店,北海道室蘭市輪西町１丁目３３−３３
ツルハドラッグ,ツルハドラッグ 宮の森3条店,北海道札幌市中央区宮の森３条６丁目２−１５
ツルハドラッグ,ツルハドラッグ 宮の沢店,北海道札幌市宮の沢1条4丁目8-27
ツルハドラッグ,ツルハドラッグ 宮前店,北海道旭川市宮前1条3丁目2番12号
ツルハドラッグ,ツルハドラッグ 宮前店,北海道旭川市宮前１条３丁目２−１２
ツルハドラッグ,ツルハドラッグ 富良野弥生店,北海道富良野市弥生町４番３６号
ツルハドラッグ,ツルハドラッグ 富良野弥生店,北海道富良野市弥生町４４番３６号
ツルハドラッグ,ツルハドラッグ 富良野日の出店,北海道富良野市日の出町6-2
ツルハドラッグ,ツルハドラッグ 富良野日の出店,北海道富良野市日の出町６−２
ツルハドラッグ,ツルハドラッグ 富良野緑町店,北海道富良野市緑町１−１４
ツルハドラッグ,ツルハドラッグ 小樽堺町店,北海道小樽市入船1丁目1番1号
ツルハドラッグ,ツルハドラッグ 小樽堺町店,北海道小樽市入船１丁目１−１
ツルハドラッグ,ツルハドラッグ 小樽奥沢店,北海道小樽市奥沢1丁目12番6号
ツルハドラッグ,ツルハドラッグ 小樽奥沢店,北海道小樽市奥沢１丁目１２−６
ツルハドラッグ,ツルハドラッグ 小樽店,北海道小樽市稲穂2丁目9番10号
ツルハドラッグ,ツルハドラッグ 小樽店,北海道小樽市稲穂２丁目９−１０
ツルハドラッグ,ツルハドラッグ 小樽手宮店,北海道小樽市手宮1丁目2番１号
ツルハドラッグ,ツルハドラッグ 小樽手宮店,北海道小樽市手宮１丁目２−１
ツルハドラッグ,ツルハドラッグ 小樽梅ヶ枝店,北海道小樽市梅ケ枝町8番15号
ツルハドラッグ,ツルハドラッグ 小樽梅ヶ枝店,北海道小樽市梅ケ枝町８−１５
ツルハドラッグ,ツルハドラッグ 小樽駅前店,北海道小樽市稲穂3丁目9-1
ツルハドラッグ,ツルハドラッグ 小樽駅前店,北海道小樽市稲穂３丁目９−１
ツルハドラッグ,ツルハドラッグ 屯田5条店,北海道札幌市屯田5条5丁目3番6号
ツルハドラッグ,ツルハドラッグ 屯田6条店,北海道札幌市屯田6条3丁目4番14号
ツルハドラッグ,ツルハドラッグ 岩見沢10条店,北海道岩見沢市10条東1丁目1番1
ツルハドラッグ,ツルハドラッグ 岩見沢5条店,北海道岩見沢市５条東6丁目3-9
ツルハドラッグ,ツルハドラッグ 岩見沢5条店,北海道岩見沢市５条東６丁目３−９
ツルハドラッグ,ツルハドラッグ 岩見沢大和店,北海道岩見沢市大和1条8丁目3-1
ツルハドラッグ,ツルハドラッグ 岩見沢大和店,北海道岩見沢市大和１条８丁目３−１
ツルハドラッグ,ツルハドラッグ 岩見沢東店,北海道岩見沢市2条東12丁目3-1
ツルハドラッグ,ツルハドラッグ 岩見沢東店,北海道岩見沢市２条東１２丁目３−１
ツルハドラッグ,ツルハドラッグ 岩見沢鉄北店,北海道岩見沢市北4条西11丁目3番24号
ツルハドラッグ,ツルハドラッグ 岩見沢鉄北店,北海道岩見沢市北４条西１１丁目３−２４
ツルハドラッグ,ツルハドラッグ 岩見沢駅前店,北海道岩見沢市１条西６丁目７−１
ツルハドラッグ,ツルハドラッグ 岩見沢駒園店,北海道岩見沢市駒園7丁目3番40号
ツルハドラッグ,ツルハドラッグ 岩見沢駒園店,北海道岩見沢市駒園７丁目３−４０
ツルハドラッグ,ツルハドラッグ 川北店,北海道釧路市川北町1番3号
ツルハドラッグ,ツルハドラッグ 川北店,北海道釧路市川北町１−３
ツルハドラッグ,ツルハドラッグ 帯広北店,北海道帯広市西１６条北１丁目１２−７８
ツルハドラッグ,ツルハドラッグ 帯広南の森東店,北海道帯広市南の森東１丁目1-12
ツルハドラッグ,ツルハドラッグ 帯広南の森東店,北海道帯広市南の森東１丁目１−１２
ツルハドラッグ,ツルハドラッグ 帯広南町店,北海道帯広市西18条南27丁目1番地34
ツルハドラッグ,ツルハドラッグ 帯広大通南24丁目店,北海道帯広市大通南24丁目10
ツルハドラッグ,ツルハドラッグ 帯広東7条店,北海道帯広市東7条南16丁目1-1
ツルハドラッグ,ツルハドラッグ 帯広東7条店,北海道帯広市東７条南１６丁目1−１
ツルハドラッグ,ツルハドラッグ 帯広東9条店,北海道帯広市東9条南9丁目4番１
ツルハドラッグ,ツルハドラッグ 帯広白樺店,北海道帯広市白樺16条西2丁目2番他4
ツルハドラッグ,ツルハドラッグ 帯広西12条店,北海道帯広市西十二条南3丁目2番地1
ツルハドラッグ,ツルハドラッグ 帯広西12条店,北海道帯広市西１２条南３丁目2番地1
ツルハドラッグ,ツルハドラッグ 帯広西20条店,北海道帯広市西20条南2丁目31番7号
ツルハドラッグ,ツルハドラッグ 帯広西20条店,北海道帯広市西２０条南２丁目３１7号
ツルハドラッグ,ツルハドラッグ 帯広西21条店,北海道帯広市西21条南3丁目4-7
ツルハドラッグ,ツルハドラッグ 帯広西21条店,北海道帯広市西２１条南３丁目4−７
ツルハドラッグ,ツルハドラッグ 帯広西5条店,北海道帯広市西5条南18丁目12番
ツルハドラッグ,ツルハドラッグ 帯広西8条店,北海道帯広市西８条南１０丁目1−１
ツルハドラッグ,ツルハドラッグ 帯広西店,北海道帯広市西23条南3丁目62-3
ツルハドラッグ,ツルハドラッグ 帯広西店,北海道帯広市西２３条南３丁目62−３
ツルハドラッグ,ツルハドラッグ 幌別店,北海道登別市幌別町6丁目2番地
ツルハドラッグ,ツルハドラッグ 平和通店,北海道札幌市平和通2丁目北9番3号
ツルハドラッグ,ツルハドラッグ 平岡1条店,北海道札幌市平岡1条1丁目1-3
ツルハドラッグ,ツルハドラッグ 平岡7条店,北海道札幌市平岡7条2丁目2-1
ツルハドラッグ,ツルハドラッグ 平岸3条店,北海道札幌市平岸3条10丁目4番6号
ツルハドラッグ,ツルハドラッグ 平岸店,北海道札幌市平岸3条3丁目6番1号
ツルハドラッグ,ツルハドラッグ 広尾店,北海道広尾郡広尾町並木通東2丁目2-9
ツルハドラッグ,ツルハドラッグ 弟子屈店,北海道川上郡弟子屈町鈴蘭1丁目3番6号
ツルハドラッグ,ツルハドラッグ 弥生店,北海道帯広市西8条南29丁目4-6
ツルハドラッグ,ツルハドラッグ 当麻店,北海道上川郡当麻町宇園別2区
ツルハドラッグ,ツルハドラッグ 忠和店,北海道旭川市忠和4条6丁目4番12号
ツルハドラッグ,ツルハドラッグ 忠和店,北海道旭川市忠和４条６丁目４−１２
ツルハドラッグ,ツルハドラッグ 恵み野西店,北海道恵庭市恵み野西３丁目1−１
ツルハドラッグ,ツルハドラッグ 恵み野里美店,北海道恵庭市恵み野里美1丁目1番3
ツルハドラッグ,ツルハドラッグ 恵庭大町店,北海道恵庭市大町1丁目3番2号
ツルハドラッグ,ツルハドラッグ 恵庭大町店,北海道恵庭市大町１丁目３−２
ツルハドラッグ,ツルハドラッグ 恵庭店,北海道恵庭市住吉町2丁目10-14
ツルハドラッグ,ツルハドラッグ 恵庭店,北海道恵庭市住吉町２丁目１０−１４
ツルハドラッグ,ツルハドラッグ 戸倉店,北海道函館市戸倉町268-1
ツルハドラッグ,ツルハドラッグ 手稲富丘店,北海道札幌市富丘1条4丁目13番10号
ツルハドラッグ,ツルハドラッグ 手稲星置店,北海道札幌市手稲山口510-19
ツルハドラッグ,ツルハドラッグ 手稲星置店,北海道札幌市手稲区手稲山口５１０−１９
ツルハドラッグ,ツルハドラッグ 手稲星置駅前店,北海道札幌市手稲区星置１条２丁目２−１
ツルハドラッグ,ツルハドラッグ 手稲曙3条店,北海道札幌市曙3条3丁目14番27号
ツルハドラッグ,ツルハドラッグ 斜里店,北海道斜里郡斜里町青葉町26
ツルハドラッグ,ツルハドラッグ 新千歳空港店,北海道千歳市美々987
ツルハドラッグ,ツルハドラッグ 新千歳空港店,北海道千歳市美々９８７国際線ターミナルビル連絡施設３階内
ツルハドラッグ,ツルハドラッグ 新川3条店,北海道札幌市新川3条3丁目1番12号
ツルハドラッグ,ツルハドラッグ 新橋大通店,北海道釧路市新橋大通１丁目２17号
ツルハドラッグ,ツルハドラッグ 新琴似1条店,北海道札幌市新琴似1条7丁目9番35号
ツルハドラッグ,ツルハドラッグ 新琴似7条店,北海道札幌市新琴似７条6丁目2番1号
ツルハドラッグ,ツルハドラッグ 新琴似店,北海道札幌市新琴似10条2丁目1番10号
ツルハドラッグ,ツルハドラッグ 新道元町店,北海道札幌市北26条東21丁目7番1号
ツルハドラッグ,ツルハドラッグ 日高富川店,北海道沙流郡日高町富川南1丁目3番4号
ツルハドラッグ,ツルハドラッグ 旭川2条店,北海道旭川市2条通23丁目110-1
ツルハドラッグ,ツルハドラッグ 旭川2条店,北海道旭川市２条通２３丁目１１０−１
ツルハドラッグ,ツルハドラッグ 旭川4条店,北海道旭川市４条通１５丁目７５０
ツルハドラッグ,ツルハドラッグ 旭川4条西店,北海道旭川市4条通1丁目2241-6
ツルハドラッグ,ツルハドラッグ 旭川7条店,北海道旭川市７条通１８丁目９２−９
ツルハドラッグ,ツルハドラッグ 旭川中央店,北海道旭川市１条通８丁目187番地1
ツルハドラッグ,ツルハドラッグ 旭川南6条店,北海道旭川市南6条通18丁目2182-90
ツルハドラッグ,ツルハドラッグ 旭川南6条店,北海道旭川市南６条通１８丁目２１８２−９０
ツルハドラッグ,ツルハドラッグ 旭川大町3条店,北海道旭川市大町３条５丁目２３９７−１８
ツルハドラッグ,ツルハドラッグ 旭川大町店,北海道旭川市2条14丁目92-26
ツルハドラッグ,ツルハドラッグ 旭川大町店,北海道旭川市大町２条１４丁目９２−２６
ツルハドラッグ,ツルハドラッグ 旭川春光台店,北海道旭川市春光台3条4丁目6番3号
ツルハドラッグ,ツルハドラッグ 旭川春光台店,北海道旭川市春光台３条４丁目６−３
ツルハドラッグ,ツルハドラッグ 旭川末広5条店,北海道旭川市末広5条1丁目4番23号
ツルハドラッグ,ツルハドラッグ 旭川末広5条店,北海道旭川市末広５条１丁目４−２３
ツルハドラッグ,ツルハドラッグ 旭川末広北店,北海道旭川市末広1条10丁目1番20号
ツルハドラッグ,ツルハドラッグ 旭川末広北店,北海道旭川市末広１条１０丁目１−２０
ツルハドラッグ,ツルハドラッグ 旭川東5条店,北海道旭川市東5条11丁目3番8号
ツルハドラッグ,ツルハドラッグ 旭川東5条店,北海道旭川市東５条１１丁目３−８
ツルハドラッグ,ツルハドラッグ 旭川永山5条店,北海道旭川市永山5条19丁目1番42号
ツルハドラッグ,ツルハドラッグ 旭川永山5条店,北海道旭川市永山５条１９丁目１−４２
ツルハドラッグ,ツルハドラッグ 旭川永山6条店,北海道旭川市永山6条13丁目1-28
ツルハドラッグ,ツルハドラッグ 旭川永山6条店,北海道旭川市永山６条１３丁目１−２８
ツルハドラッグ,ツルハドラッグ 旭川神居東店,北海道旭川市神居３条１８丁目２−５
ツルハドラッグ,ツルハドラッグ 旭川神楽5条店,北海道旭川市神楽5条12丁目1番20号
ツルハドラッグ,ツルハドラッグ 旭川神楽岡店,北海道旭川市神楽岡5条6丁目4番20号
ツルハドラッグ,ツルハドラッグ 旭川神楽岡店,北海道旭川市神楽岡５条６丁目４20号
ツルハドラッグ,ツルハドラッグ 旭川神楽店,北海道旭川市5条9丁目2番27号
ツルハドラッグ,ツルハドラッグ 旭川神楽店,北海道旭川市神楽５条９丁目２−２７
ツルハドラッグ,ツルハドラッグ 旭川緑が丘店,北海道旭川市緑が丘東3条1丁目3番3号
ツルハドラッグ,ツルハドラッグ 旭川緑が丘店,北海道旭川市緑が丘東３条１丁目３3号
ツルハドラッグ,ツルハドラッグ 旭川緑町店,北海道旭川市緑町20丁目2752-7
ツルハドラッグ,ツルハドラッグ 旭川緑町店,北海道旭川市緑町２０丁目２７５２−７
ツルハドラッグ,ツルハドラッグ 旭川豊岡5条店,北海道旭川市4丁目4番43号
ツルハドラッグ,ツルハドラッグ 旭川豊岡5条店,北海道旭川市豊岡５条４丁目４−４３
ツルハドラッグ,ツルハドラッグ 旭川豊岡７条店,北海道旭川市豊岡7条2丁目2番3号
ツルハドラッグ,ツルハドラッグ 旭川豊岡７条店,北海道旭川市豊岡７条２丁目２−３
ツルハドラッグ,ツルハドラッグ 旭川近文店,北海道旭川市北門町14丁目2144-129
ツルハドラッグ,ツルハドラッグ 旭川近文店,北海道旭川市北門町１４丁目２１４４−１２９
ツルハドラッグ,ツルハドラッグ 旭川駅前店,北海道旭川市宮下通９丁目２−１７
ツルハドラッグ,ツルハドラッグ 旭町店,北海道旭川市旭町1条7丁目
ツルハドラッグ,ツルハドラッグ 春光1条店,北海道旭川市春光1条9丁目19番6号
ツルハドラッグ,ツルハドラッグ 春光1条店,北海道旭川市春光１条９丁目１９−６
ツルハドラッグ,ツルハドラッグ 春光5条店,北海道旭川市春光5条4丁目8番12号
ツルハドラッグ,ツルハドラッグ 春採7丁目店,北海道釧路市春採7丁目1番48号
ツルハドラッグ,ツルハドラッグ 春採7丁目店,北海道釧路市春採７丁目１−４８
ツルハドラッグ,ツルハドラッグ 昭和店,北海道函館市昭和1丁目29番7号
ツルハドラッグ,ツルハドラッグ 月寒店,北海道札幌市月寒中央通6丁目1-8
ツルハドラッグ,ツルハドラッグ 月寒東２条店,北海道札幌市月寒東2条18丁目163番12
ツルハドラッグ,ツルハドラッグ 朝里店,北海道小樽市新光2丁目1番4号
ツルハドラッグ,ツルハドラッグ 朝里店,北海道小樽市新光２丁目１−４
ツルハドラッグ,ツルハドラッグ 木古内店,北海道上磯郡木古内町字本町545
ツルハドラッグ,ツルハドラッグ 末広1条店,北海道旭川市末広1条4丁目1番5号
ツルハドラッグ,ツルハドラッグ 末広1条店,北海道旭川市末広１条４丁目１−５
ツルハドラッグ,ツルハドラッグ 本別店,北海道中川郡本別町南3丁目1-4
ツルハドラッグ,ツルハドラッグ 本町店,北海道札幌市本町２条４丁目8番16号
ツルハドラッグ,ツルハドラッグ 札内あかしや店,北海道中川郡幕別町札内あかしや町42番14
ツルハドラッグ,ツルハドラッグ 札内店,北海道中川郡幕別町札内共栄町163番地
ツルハドラッグ,ツルハドラッグ 東6条店,北海道旭川市東6条3丁目1-12
ツルハドラッグ,ツルハドラッグ 東6条店,北海道旭川市東６条３丁目１−１２
ツルハドラッグ,ツルハドラッグ 東久根別店,北海道北斗市久根別１丁目１番１０号
ツルハドラッグ,ツルハドラッグ 東光10条店,北海道旭川市東光10条4丁目1番18号
ツルハドラッグ,ツルハドラッグ 東光10条店,北海道旭川市東光１０条４丁目１−１８
ツルハドラッグ,ツルハドラッグ 東光12条店,北海道旭川市東光12条6丁目5番28号
ツルハドラッグ,ツルハドラッグ 東光1条店,北海道旭川市東光1条7丁目1-14
ツルハドラッグ,ツルハドラッグ 東光9条店,北海道旭川市東光9条1丁目3番15号
ツルハドラッグ,ツルハドラッグ 東光9条店,北海道旭川市東光９条１丁目３−１５
ツルハドラッグ,ツルハドラッグ 東光店,北海道旭川市東光1条5丁目1-5
ツルハドラッグ,ツルハドラッグ 東光店,北海道旭川市東光１条５丁目１−５
ツルハドラッグ,ツルハドラッグ 東川店,北海道上川郡東川町北町4丁目2番2号
ツルハドラッグ,ツルハドラッグ 東旭川店,北海道旭川市東旭川北1条1丁目3-32
ツルハドラッグ,ツルハドラッグ 東旭川店,北海道旭川市東旭川北１条１丁目３−３２
ツルハドラッグ,ツルハドラッグ 東神楽店,北海道上川郡東神楽町ひじり野北1条3丁目1番5号
ツルハドラッグ,ツルハドラッグ 東苗穂7条店,北海道札幌市東苗穂7条3丁目2番1号
ツルハドラッグ,ツルハドラッグ 東苗穂店,北海道札幌市東苗穂12条3丁目1-10
ツルハドラッグ,ツルハドラッグ 東野幌店,北海道江別市東野幌本町３５−２
ツルハドラッグ,ツルハドラッグ 東雁来店,北海道札幌市東雁来10条3丁目1-5
ツルハドラッグ,ツルハドラッグ 松前店,北海道松前郡松前町字建石49-51
ツルハドラッグ,ツルハドラッグ 栄町店,北海道札幌市北49条東15丁目723-1
ツルハドラッグ,ツルハドラッグ 栄町店,北海道札幌市東区北４９条東１５丁目１−７２３−１
ツルハドラッグ,ツルハドラッグ 栄通店,北海道札幌市栄通14丁目2番1号
ツルハドラッグ,ツルハドラッグ 栗山中里店,北海道夕張郡栗山町字中里64-3
ツルハドラッグ,ツルハドラッグ 根室店,北海道根室市宝町1丁目2-1
ツルハドラッグ,ツルハドラッグ 桑園店,北海道札幌市北9条西15丁目2
ツルハドラッグ,ツルハドラッグ 桑園店,北海道札幌市中央区北９条西１５丁目２
ツルハドラッグ,ツルハドラッグ 桜町店,北海道北見市桜町6丁目2-4
ツルハドラッグ,ツルハドラッグ 桜町店,北海道北見市桜町６丁目２−４
ツルハドラッグ,ツルハドラッグ 森店,北海道茅部郡森町字森川町233-34
ツルハドラッグ,ツルハドラッグ 様似店,北海道様似郡様似町大通１丁目13-8
ツルハドラッグ,ツルハドラッグ 標津町店,北海道標津郡標津町南8条西1丁目4-7
ツルハドラッグ,ツルハドラッグ 樽川店,北海道石狩市樽川9条1丁目1-2
ツルハドラッグ,ツルハドラッグ 樽川店,北海道石狩市樽川９条１丁目１−２
ツルハドラッグ,ツルハドラッグ 武佐店,北海道釧路市武佐3丁目47-23
ツルハドラッグ,ツルハドラッグ 武佐店,北海道釧路市武佐３丁目４７−２３
ツルハドラッグ,ツルハドラッグ 永山3条西店,北海道旭川市永山３条８丁目２6号
ツルハドラッグ,ツルハドラッグ 永山南店,北海道旭川市永山8条4丁目98番2
ツルハドラッグ,ツルハドラッグ 永山環状通店,北海道旭川市永山7条5丁目1番15号
ツルハドラッグ,ツルハドラッグ 永山環状通店,北海道旭川市永山７条５丁目１−１５
ツルハドラッグ,ツルハドラッグ 江別住吉店,北海道江別市野幌住吉町37-2
ツルハドラッグ,ツルハドラッグ 江別住吉店,北海道江別市野幌住吉町37−２
ツルハドラッグ,ツルハドラッグ 江別文京台店,北海道江別市文京台31-4
ツルハドラッグ,ツルハドラッグ 江別文京台店,北海道江別市文京台31−４
ツルハドラッグ,ツルハドラッグ 江別牧場店,北海道江別市牧場町25-8
ツルハドラッグ,ツルハドラッグ 江別牧場店,北海道江別市牧場町25−８
ツルハドラッグ,ツルハドラッグ 江別高砂店,北海道江別市高砂町３５−６
ツルハドラッグ,ツルハドラッグ 江差新地町店,北海道檜山郡江差町新地町１４番
ツルハドラッグ,ツルハドラッグ 沼ノ端北店,北海道苫小牧市北栄町１丁目２３−１５
ツルハドラッグ,ツルハドラッグ 沼ノ端店,北海道苫小牧市沼ノ端中央4丁目1番5号
ツルハドラッグ,ツルハドラッグ 沼ノ端店,北海道苫小牧市沼ノ端中央４丁目１5号
ツルハドラッグ,ツルハドラッグ 洞爺湖温泉東店,北海道虻田郡洞爺湖温泉70番地12
ツルハドラッグ,ツルハドラッグ 浦河店,北海道浦河郡浦河町堺町西6丁目492番53
ツルハドラッグ,ツルハドラッグ 深川店,北海道深川市5条20番1号
ツルハドラッグ,ツルハドラッグ 深川店,北海道深川市５条２０−１
ツルハドラッグ,ツルハドラッグ 深川文光店,北海道深川市文光町7番10号
ツルハドラッグ,ツルハドラッグ 深川文光店,北海道深川市文光町７−１０
ツルハドラッグ,ツルハドラッグ 清水店,北海道上川郡清水町南二条１１丁目７番１
ツルハドラッグ,ツルハドラッグ 清田店,北海道札幌市清田２条３丁目１１番４０号
ツルハドラッグ,ツルハドラッグ 清里店,北海道斜里郡清里町羽衣町62-2
ツルハドラッグ,ツルハドラッグ 湧別店,北海道紋別郡湧別町北兵村三区518
ツルハドラッグ,ツルハドラッグ 湯川店,北海道函館市湯川町2丁目18-10
ツルハドラッグ,ツルハドラッグ 滝川新町店,北海道滝川市新町2丁目10番38号
ツルハドラッグ,ツルハドラッグ 滝川有明店,北海道滝川市有明町2丁目4番52号
ツルハドラッグ,ツルハドラッグ 滝川朝日町店,北海道滝川市朝日町西3丁目1番32号
ツルハドラッグ,ツルハドラッグ 滝川本町店,北海道滝川市本町4丁目4番1号
ツルハドラッグ,ツルハドラッグ 滝川東店,北海道滝川市東町3丁目118-3
ツルハドラッグ,ツルハドラッグ 滝川空知町店,北海道滝川市空知町2丁目12番12号
ツルハドラッグ,ツルハドラッグ 澄川3条店,北海道札幌市澄川3条3丁目3番7号
ツルハドラッグ,ツルハドラッグ 澄川6条店,北海道札幌市南区澄川６条３丁目２−３６
ツルハドラッグ,ツルハドラッグ 狸小路5丁目店,北海道札幌市南2条西5丁目18番地
ツルハドラッグ,ツルハドラッグ 琴似駅東口店,北海道札幌市八軒1条東1丁目4-1
ツルハドラッグ,ツルハドラッグ 留萌店,北海道留萌市花園町4丁目6番21号
ツルハドラッグ,ツルハドラッグ 留萌店,北海道留萌市花園町４丁目６−２１
ツルハドラッグ,ツルハドラッグ 留萌西店,北海道留萌市見晴町1丁目59-1
ツルハドラッグ,ツルハドラッグ 留萌西店,北海道留萌市見晴町１丁目５９−１
ツルハドラッグ,ツルハドラッグ 発寒13条店,北海道札幌市西区発寒１３条４丁目１３85号
ツルハドラッグ,ツルハドラッグ 発寒8条店,北海道札幌市発寒8条14丁目516-458
ツルハドラッグ,ツルハドラッグ 発寒中央駅前店,北海道札幌市発寒10条3丁目1-10
ツルハドラッグ,ツルハドラッグ 登別中央店,北海道登別市中央町5丁目22-4
ツルハドラッグ,ツルハドラッグ 登別中央店,北海道登別市中央町５丁目22−４
ツルハドラッグ,ツルハドラッグ 登別富岸店,北海道登別市富岸町1丁目1番
ツルハドラッグ,ツルハドラッグ 登別温泉店,北海道登別市登別温泉町50番地
ツルハドラッグ,ツルハドラッグ 登別若草店,北海道登別市若草町4丁目11-1
ツルハドラッグ,ツルハドラッグ 登別若草店,北海道登別市若草町４丁目１１−１
ツルハドラッグ,ツルハドラッグ 白石本通店,北海道札幌市本通11丁目南7番9号
ツルハドラッグ,ツルハドラッグ 白石駅前店,北海道札幌市東札幌3条6丁目1番20号
ツルハドラッグ,ツルハドラッグ 白糠店,北海道白糠郡白糠町西1条南3丁目1-6
ツルハドラッグ,ツルハドラッグ 白老店,北海道白老郡白老町栄町2丁目1番7号
ツルハドラッグ,ツルハドラッグ 白鳥店,北海道函館市白鳥町21-26
ツルハドラッグ,ツルハドラッグ 白鳥店,北海道函館市白鳥町２１−２６
ツルハドラッグ,ツルハドラッグ 百合が原店,北海道札幌市百合が原9丁目14番１
ツルハドラッグ,ツルハドラッグ 真栄店,北海道札幌市真栄3条2丁目18番10号
ツルハドラッグ,ツルハドラッグ 真駒内南店,北海道札幌市真駒内南町4丁目5番1
ツルハドラッグ,ツルハドラッグ 石山店,北海道札幌市石山2条9丁目7番59号
ツルハドラッグ,ツルハドラッグ 砂川吉野店,北海道砂川市吉野1条南5丁目35番地5
ツルハドラッグ,ツルハドラッグ 砂川東店,北海道砂川市東1条北7丁目1番10号
ツルハドラッグ,ツルハドラッグ 神居3条店,北海道旭川市神居3条5丁目1-2
ツルハドラッグ,ツルハドラッグ 神居十字街店,北海道旭川市神居3条11丁目2番21号
ツルハドラッグ,ツルハドラッグ 神居十字街店,北海道旭川市神居３条１１丁目２−２１
ツルハドラッグ,ツルハドラッグ 福井店,北海道札幌市福井3丁目14番40号
ツルハドラッグ,ツルハドラッグ 福井店,北海道札幌市西区福井３丁目１４−４０
ツルハドラッグ,ツルハドラッグ 稚内宝来店,北海道稚内市宝来5丁目6番3号
ツルハドラッグ,ツルハドラッグ 稚内宝来店,北海道稚内市宝来５丁目６−３
ツルハドラッグ,ツルハドラッグ 稚内店,北海道稚内市大黒４丁目７−１
ツルハドラッグ,ツルハドラッグ 稚内潮見店,北海道稚内市潮見1丁目2番7号
ツルハドラッグ,ツルハドラッグ 稚内潮見店,北海道稚内市潮見１丁目２
ツルハドラッグ,ツルハドラッグ 稲田店,北海道帯広市稲田町南9線西9番1
ツルハドラッグ,ツルハドラッグ 篠路店,北海道札幌市篠路3条4丁目1-1
ツルハドラッグ,ツルハドラッグ 篠路東店,北海道札幌市篠路4条9丁目15番1号
ツルハドラッグ,ツルハドラッグ 篠路東店,北海道札幌市北区篠路４条９丁目１５−１
ツルハドラッグ,ツルハドラッグ 紋別緑町店,北海道紋別市緑町5丁目6番１７号
ツルハドラッグ,ツルハドラッグ 紋別落石店,北海道紋別市渚滑町1丁目2番地1-10
ツルハドラッグ,ツルハドラッグ 網走北店,北海道網走市北４条西４丁目1−５
ツルハドラッグ,ツルハドラッグ 網走南4条店,北海道網走市南４条東４丁目17
ツルハドラッグ,ツルハドラッグ 緑西店,北海道帯広市西17条南4丁目42
ツルハドラッグ,ツルハドラッグ 羅臼店,北海道目梨郡羅臼町礼文町225-1
ツルハドラッグ,ツルハドラッグ 美原店,北海道函館市美原2丁目40番16号
ツルハドラッグ,ツルハドラッグ 美原店,北海道函館市美原２丁目４０−１６
ツルハドラッグ,ツルハドラッグ 美咲野店,北海道恵庭市美咲野3丁目8-11
ツルハドラッグ,ツルハドラッグ 美咲野店,北海道恵庭市美咲野３丁目８−１１
ツルハドラッグ,ツルハドラッグ 美唄南店,北海道美唄市大通西1条南7丁目1-9
ツルハドラッグ,ツルハドラッグ 美唄店,北海道美唄市東3条北4丁目4-1
ツルハドラッグ,ツルハドラッグ 美園１条店,北海道札幌市美園1条2丁目3番1号
ツルハドラッグ,ツルハドラッグ 美幌中央店,北海道網走郡美幌町字三橋南3-1
ツルハドラッグ,ツルハドラッグ 美幌店,北海道網走郡美幌町字稲美89-4
ツルハドラッグ,ツルハドラッグ 美幌新町店,北海道網走郡美幌町字新町１丁目７番地の２
ツルハドラッグ,ツルハドラッグ 美瑛店,北海道上川郡美瑛町扇町２３２番
ツルハドラッグ,ツルハドラッグ 羽幌店,北海道苫前郡羽幌町栄町117番地5
ツルハドラッグ,ツルハドラッグ 芦別南店,北海道芦別市南2条東1丁目5番2号
ツルハドラッグ,ツルハドラッグ 芦別店,北海道芦別市北4条東1丁目9番地1
ツルハドラッグ,ツルハドラッグ 花川北店,北海道石狩市花川北3条1丁目4-2
ツルハドラッグ,ツルハドラッグ 花川北店,北海道石狩市花川北３条１丁目４−２
ツルハドラッグ,ツルハドラッグ 花川南店,北海道石狩市花川南3条5丁目8番
ツルハドラッグ,ツルハドラッグ 花川東店,北海道石狩市2条3丁目40
ツルハドラッグ,ツルハドラッグ 芽室店,北海道河西郡芽室町東6条1丁目4-4
ツルハドラッグ,ツルハドラッグ 苫小牧弥生店,北海道苫小牧市弥生町１丁目２−８
ツルハドラッグ,ツルハドラッグ 苫小牧拓勇西店,北海道苫小牧市拓勇西町３丁目２1号
ツルハドラッグ,ツルハドラッグ 苫小牧日吉店,北海道苫小牧市日吉町1丁目7番25号
ツルハドラッグ,ツルハドラッグ 苫小牧日吉店,北海道苫小牧市日吉町１丁目７−２５
ツルハドラッグ,ツルハドラッグ 苫小牧日新店,北海道苫小牧市日新町2丁目6番30号
ツルハドラッグ,ツルハドラッグ 苫小牧日新店,北海道苫小牧市日新町２丁目６30号
ツルハドラッグ,ツルハドラッグ 苫小牧旭町店,北海道苫小牧市旭町1丁目1-5
ツルハドラッグ,ツルハドラッグ 苫小牧旭町店,北海道苫小牧市旭町１丁目１−５
ツルハドラッグ,ツルハドラッグ 苫小牧明徳店,北海道苫小牧市明徳町2丁目4番8号
ツルハドラッグ,ツルハドラッグ 苫小牧明徳店,北海道苫小牧市明徳町２丁目４−８
ツルハドラッグ,ツルハドラッグ 苫小牧明野新町店,北海道苫小牧市明野新町2丁目2番8号
ツルハドラッグ,ツルハドラッグ 苫小牧明野新町店,北海道苫小牧市明野新町２丁目２8号
ツルハドラッグ,ツルハドラッグ 苫小牧桜木店,北海道苫小牧市桜木町3丁目18番19号
ツルハドラッグ,ツルハドラッグ 苫小牧桜木店,北海道苫小牧市桜木町３丁目１８−１９
ツルハドラッグ,ツルハドラッグ 苫小牧清水店,北海道苫小牧市清水町１丁目40−４
ツルハドラッグ,ツルハドラッグ 苫小牧澄川店,北海道苫小牧市澄川町1丁目2-5
ツルハドラッグ,ツルハドラッグ 苫小牧澄川店,北海道苫小牧市澄川町１丁目２−５
ツルハドラッグ,ツルハドラッグ 苫小牧王子店,北海道苫小牧市表町４丁目３−２３
ツルハドラッグ,ツルハドラッグ 苫小牧花園店,北海道苫小牧市花園町１丁目５番１号
ツルハドラッグ,ツルハドラッグ 苫小牧花園店,北海道苫小牧市花園町１丁目５−１５番１号
ツルハドラッグ,ツルハドラッグ 苫小牧若草店,北海道苫小牧市1丁目7番1号
ツルハドラッグ,ツルハドラッグ 苫小牧若草店,北海道苫小牧市若草町１丁目７−１
ツルハドラッグ,ツルハドラッグ 苫小牧音羽店,北海道苫小牧市音羽町2丁目18番13号
ツルハドラッグ,ツルハドラッグ 苫小牧音羽店,北海道苫小牧市音羽町２丁目１８−１３
ツルハドラッグ,ツルハドラッグ 菊水3条店,北海道札幌市菊水3条5丁目2-25
ツルハドラッグ,ツルハドラッグ 菊水上町店,北海道札幌市菊水上町3条2丁目52番429
ツルハドラッグ,ツルハドラッグ 菊水元町店,北海道札幌市菊水元町2条2丁目2番1号
ツルハドラッグ,ツルハドラッグ 藤野店,北海道札幌市藤野2条6丁目7番1号
ツルハドラッグ,ツルハドラッグ 行啓通店,北海道札幌市南14条西9丁目3-41
ツルハドラッグ,ツルハドラッグ 行啓通店,北海道札幌市中央区南１４条西９丁目３−４１
ツルハドラッグ,ツルハドラッグ 西18条店,北海道帯広市西18条北1丁目30
ツルハドラッグ,ツルハドラッグ 西18条店,北海道帯広市西１８条北１丁目３０−３０
ツルハドラッグ,ツルハドラッグ 西岡3条店,北海道札幌市西岡3条2丁目3番5号
ツルハドラッグ,ツルハドラッグ 西岡店,北海道札幌市西岡3条9丁目1番1号
ツルハドラッグ,ツルハドラッグ 西桔梗店,北海道函館市西桔梗町２４６番１２１号
ツルハドラッグ,ツルハドラッグ 西町北店,北海道札幌市西区西町北１０丁目１−６
ツルハドラッグ,ツルハドラッグ 西線店,北海道札幌市南4条西15丁目2-1
ツルハドラッグ,ツルハドラッグ 西線店,北海道札幌市中央区南４条西１５丁目２−１
ツルハドラッグ,ツルハドラッグ 西野7条店,北海道札幌市西野7条7丁目3-3
ツルハドラッグ,ツルハドラッグ 豊平4条店,北海道札幌市豊平4条9丁目3-1
ツルハドラッグ,ツルハドラッグ 豊平4条店,北海道札幌市豊平区豊平４条９丁目３−１リペア豊平
ツルハドラッグ,ツルハドラッグ 豊平5条店,北海道札幌市豊平5条2丁目3番11号
ツルハドラッグ,ツルハドラッグ 赤平店,北海道赤平市字赤平540番1
ツルハドラッグ,ツルハドラッグ 足寄店,北海道足寄郡足寄町南7条1丁目15番地
ツルハドラッグ,ツルハドラッグ 遠軽南町店,北海道紋別郡遠軽町南町3丁目3番地43
ツルハドラッグ,ツルハドラッグ 遠軽店,北海道紋別郡大通北7丁目1-12
ツルハドラッグ,ツルハドラッグ 里塚緑ヶ丘店,北海道札幌市里塚緑ヶ丘2丁目7番30号
ツルハドラッグ,ツルハドラッグ 野幌店,北海道江別市野幌町10番地1
ツルハドラッグ,ツルハドラッグ 釧路富士見店,北海道釧路市富士見3丁目5番7号
ツルハドラッグ,ツルハドラッグ 釧路富士見店,北海道釧路市富士見３丁目５−７
ツルハドラッグ,ツルハドラッグ 釧路愛国店,北海道釧路市愛国東1丁目12番3号
ツルハドラッグ,ツルハドラッグ 釧路愛国店,北海道釧路市愛国東１丁目１２−３
ツルハドラッグ,ツルハドラッグ 釧路文苑店,北海道釧路市文苑2丁目48番14号
ツルハドラッグ,ツルハドラッグ 釧路文苑店,北海道釧路市文苑２丁目４８−１４
ツルハドラッグ,ツルハドラッグ 釧路星が浦店,北海道釧路市星が浦大通2丁目7番20号
ツルハドラッグ,ツルハドラッグ 釧路星が浦店,北海道釧路市星が浦大通２丁目７
ツルハドラッグ,ツルハドラッグ 釧路昭和中央店,北海道釧路市昭和中央5丁目2番12号
ツルハドラッグ,ツルハドラッグ 釧路昭和中央店,北海道釧路市昭和中央５丁目２−１２
ツルハドラッグ,ツルハドラッグ 釧路昭和店,北海道釧路市昭和中央3丁目3番5号
ツルハドラッグ,ツルハドラッグ 釧路昭和店,北海道釧路市昭和中央３丁目３−５
ツルハドラッグ,ツルハドラッグ 釧路桂木店,北海道釧路郡釧路町桂木4丁目16番地
ツルハドラッグ,ツルハドラッグ 釧路桜ヶ岡店,北海道釧路市桜ヶ岡4丁目1番4号
ツルハドラッグ,ツルハドラッグ 釧路河畔店,北海道釧路郡釧路町河畔3丁目1番
ツルハドラッグ,ツルハドラッグ 釧路緑ヶ岡店,北海道釧路市緑ケ岡4丁目8番80号
ツルハドラッグ,ツルハドラッグ 釧路緑ヶ岡店,北海道釧路市緑ケ岡４丁目８80号
ツルハドラッグ,ツルハドラッグ 釧路美原店,北海道釧路市美原4丁目1番8号
ツルハドラッグ,ツルハドラッグ 釧路美原店,北海道釧路市美原４丁目１−８
ツルハドラッグ,ツルハドラッグ 釧路芦野店,北海道釧路市芦野5丁目27番8号
ツルハドラッグ,ツルハドラッグ 釧路芦野店,北海道釧路市芦野５丁目２７−８
ツルハドラッグ,ツルハドラッグ 釧路若松店,北海道釧路市若松町12-13
ツルハドラッグ,ツルハドラッグ 釧路若松店,北海道釧路市若松町１２−１３
ツルハドラッグ,ツルハドラッグ 釧路豊川店,北海道釧路市豊川町２０−１７
ツルハドラッグ,ツルハドラッグ 釧路鳥取南店,北海道釧路市鳥取南4丁目4番7号
ツルハドラッグ,ツルハドラッグ 釧路鳥取南店,北海道釧路市鳥取南４丁目４−７
ツルハドラッグ,ツルハドラッグ 釧路鳥取大通店,北海道釧路市鳥取大通5丁目7番1号
ツルハドラッグ,ツルハドラッグ 釧路鳥取大通店,北海道釧路市鳥取大通５丁目７1号
ツルハドラッグ,ツルハドラッグ 釧路鳥取大通東店,北海道釧路市鳥取大通1丁目5番8号
ツルハドラッグ,ツルハドラッグ 釧路鳥取大通東店,北海道釧路市鳥取大通１丁目５−８
ツルハドラッグ,ツルハドラッグ 釧路鳥取店,北海道釧路市鳥取大通9丁目9番28号
ツルハドラッグ,ツルハドラッグ 釧路鳥取店,北海道釧路市鳥取大通９丁目９28号
ツルハドラッグ,ツルハドラッグ 長万部店,北海道山越郡長万部町字長万部68-2
ツルハドラッグ,ツルハドラッグ 長沼中央店,北海道夕張郡長沼町錦町南1丁目6番21号
ツルハドラッグ,ツルハドラッグ 阿寒湖温泉店,北海道釧路市阿寒町阿寒湖温泉1丁目４
ツルハドラッグ,ツルハドラッグ 静内店,北海道日高郡新ひだか町静内木場町2丁目1番28号
ツルハドラッグ,ツルハドラッグ 音更店,北海道河東郡音更町木野大通西15丁目2番4
ツルハドラッグ,ツルハドラッグ 音更木野店,北海道河東郡音更町木野大通西8丁目1-2
ツルハドラッグ,ツルハドラッグ 鷹栖店,北海道上川郡2丁目７番32号
ツルハドラッグ,ツルハドラッグ 麻生店,北海道札幌市北40条西5丁目4番20号
ツルハドラッグ,ツルハドラッグ苫小牧日新店（移転）,北海道苫小牧市日新町２丁目５−５
マツモトキヨシ,マツモトキヨシ OUTLET 三井アウトレットパーク 札幌北広島店,北海道北広島市大曲幸町３丁目7−６
マツモトキヨシ,マツモトキヨシ札幌南1条店,北海道札幌市中央区南１条西３丁目８−８
マツモトキヨシ,薬 マツモトキヨシ シーナシーナ琴似店,北海道札幌市西区西区琴似２条１丁目４−１
マツモトキヨシ,薬 マツモトキヨシ プロム山鼻店,北海道札幌市中央区南２２条西１２丁目１−２
マツモトキヨシ,薬 マツモトキヨシ 札幌すすきの店,北海道札幌市中央区南４条西３丁目9−２
マツモトキヨシ,薬 マツモトキヨシ 札幌南1条店,北海道札幌市中央区南１条西３丁目３−８
マツモトキヨシ,薬 マツモトキヨシ 札幌南５条西３丁目店,北海道札幌市中央区南５条西３丁目６−１
マツモトキヨシ,薬 マツモトキヨシ 札幌狸小路Part2店,北海道札幌市中央区南３条西３丁目１３−１
マツモトキヨシ,薬 マツモトキヨシ 札幌狸小路店,北海道札幌市中央区南２条西３丁目１−５
